priority,Symbol,identifier,open,dayHigh,dayLow,lastPrice,previousClose,change,pChange,ffmc,yearHigh,yearLow,totalTradedVolume,stockIndClosePrice,totalTradedValue,lastUpdateTime,nearWKH,nearWKL,perChange365d,perChange30d,date365dAgo,date30dAgo,chartTodayPath,chart30dPath,chart365dPath,Series,meta
0,HDFCBANK,HDFCBANKEQN,850.05,854.4,840.6,847.2,840.7,6.5,0.77,12935872345061.99,1020.5,821.5,15343551,0,12996294568.02,,16.981871631553158,-3.128423615337802,0.44,-9.11,10-Mar-2025,10-Feb-2026,https://nsearchives.nseindia.com/today/HDFCBANKEQN.svg,https://nsearchives.nseindia.com/30d/HDFCBANK-EQ.svg,https://nsearchives.nseindia.com/365d/HDFCBANK-EQ.svg,EQ,"{'symbol': 'HDFCBANK', 'companyName': 'HDFC Bank Limited', 'industry': 'Private Sector Bank', 'activeSeries': ['EQ', 'T0'], 'debtSeries': [], 'isFNOSec': True, 'isCASec': False, 'isSLBSec': True, 'isDebtSec': True, 'isSuspended': False, 'tempSuspendedSeries': ['W3', 'IL'], 'isETFSec': False, 'isDelisted': False, 'isin': 'INE040A01034', 'slb_isin': 'INE040A01034', 'listingDate': '1995-11-08', 'isMunicipalBond': False, 'isHybridSymbol': False, 'segment': 'EQUITY', 'quotepreopenstatus': {'equityTime': '10-Mar-2026 10:13:52', 'preOpenTime': '10-Mar-2026 09:07:22', 'QuotePreOpenFlag': False}}"
0,ICICIBANK,ICICIBANKEQN,1287.6,1299.5,1285.6,1296.2,1278.4,17.8,1.39,9243618227523.57,1500.0,1208.0,4153670,0,5375181273.6,,13.586666666666664,-7.301324503311261,6.7,-7.84,10-Mar-2025,10-Feb-2026,https://nsearchives.nseindia.com/today/ICICIBANKEQN.svg,https://nsearchives.nseindia.com/30d/ICICIBANK-EQ.svg,https://nsearchives.nseindia.com/365d/ICICIBANK-EQ.svg,EQ,"{'symbol': 'ICICIBANK', 'companyName': 'ICICI Bank Limited', 'industry': 'Private Sector Bank', 'activeSeries': ['EQ', 'T0'], 'debtSeries': [], 'isFNOSec': True, 'isCASec': False, 'isSLBSec': True, 'isDebtSec': True, 'isSuspended': False, 'tempSuspendedSeries': ['E2', 'IL'], 'isETFSec': False, 'isDelisted': False, 'isin': 'INE090A01021', 'slb_isin': 'INE090A01021', 'listingDate': '1997-09-17', 'isMunicipalBond': False, 'isHybridSymbol': False, 'segment': 'EQUITY', 'quotepreopenstatus': {'equityTime': '10-Mar-2026 10:13:52', 'preOpenTime': '10-Mar-2026 09:07:22', 'QuotePreOpenFlag': False}}"
0,SBIN,SBINEQN,1111.1,1119.9,1104.5,1110.2,1098.5,11.7,1.07,4593053809076.5,1234.7,719.05,4820929,0,5354075538.11,,10.083421073945088,-54.39816424448927,52.3,-2.97,10-Mar-2025,10-Feb-2026,https://nsearchives.nseindia.com/today/SBINEQN.svg,https://nsearchives.nseindia.com/30d/SBIN-EQ.svg,https://nsearchives.nseindia.com/365d/SBIN-EQ.svg,EQ,"{'symbol': 'SBIN', 'companyName': 'State Bank of India', 'industry': 'Public Sector Bank', 'activeSeries': ['EQ', 'T0'], 'debtSeries': [], 'isFNOSec': True, 'isCASec': False, 'isSLBSec': True, 'isDebtSec': True, 'isSuspended': False, 'tempSuspendedSeries': ['N1', 'N3', 'N4', 'IL', 'N2', 'N5', 'N6'], 'isETFSec': False, 'isDelisted': False, 'isin': 'INE062A01020', 'slb_isin': 'INE062A01020', 'listingDate': '1995-03-01', 'isMunicipalBond': False, 'isHybridSymbol': False, 'segment': 'EQUITY', 'quotepreopenstatus': {'equityTime': '10-Mar-2026 10:13:52', 'preOpenTime': '10-Mar-2026 09:07:22', 'QuotePreOpenFlag': False}}"
0,RELIANCE,RELIANCEEQN,1430.6,1431.5,1400.6,1412.9,1424.0,-11.1,-0.78,9516671645814.35,1611.8,1114.85,3219360,0,4535917272.0,,12.340240724655656,-26.73453827869222,14.14,-3.09,10-Mar-2025,10-Feb-2026,https://nsearchives.nseindia.com/today/RELIANCEEQN.svg,https://nsearchives.nseindia.com/30d/RELIANCE-EQ.svg,https://nsearchives.nseindia.com/365d/RELIANCE-EQ.svg,EQ,"{'symbol': 'RELIANCE', 'companyName': 'Reliance Industries Limited', 'industry': 'Refineries & Marketing', 'activeSeries': ['EQ', 'T0'], 'debtSeries': [], 'isFNOSec': True, 'isCASec': False, 'isSLBSec': True, 'isDebtSec': False, 'isSuspended': False, 'tempSuspendedSeries': [], 'isETFSec': False, 'isDelisted': False, 'isin': 'INE002A01018', 'slb_isin': 'INE002A01018', 'listingDate': '1995-11-29', 'isMunicipalBond': False, 'isHybridSymbol': False, 'segment': 'EQUITY', 'quotepreopenstatus': {'equityTime': '10-Mar-2026 10:13:52', 'preOpenTime': '10-Mar-2026 09:07:22', 'QuotePreOpenFlag': False}}"
0,INDIGO,INDIGOEQN,4410.0,4473.7,4341.6,4348.7,4236.7,112.0,2.64,979683660064.9,6232.5,4035.0,847236,0,3710605619.76,,30.22543120738067,-7.774473358116476,-5.96,-12.27,10-Mar-2025,10-Feb-2026,https://nsearchives.nseindia.com/today/INDIGOEQN.svg,https://nsearchives.nseindia.com/30d/INDIGO-EQ.svg,https://nsearchives.nseindia.com/365d/INDIGO-EQ.svg,EQ,"{'symbol': 'INDIGO', 'companyName': 'InterGlobe Aviation Limited', 'industry': 'Airline', 'activeSeries': ['EQ', 'T0'], 'debtSeries': [], 'isFNOSec': True, 'isCASec': False, 'isSLBSec': True, 'isDebtSec': False, 'isSuspended': False, 'tempSuspendedSeries': [], 'isETFSec': False, 'isDelisted': False, 'isin': 'INE646L01027', 'slb_isin': 'INE646L01027', 'listingDate': '2015-11-10', 'isMunicipalBond': False, 'isHybridSymbol': False, 'segment': 'EQUITY', 'quotepreopenstatus': {'equityTime': '10-Mar-2026 10:13:52', 'preOpenTime': '10-Mar-2026 09:07:22', 'QuotePreOpenFlag': False}}"
0,SHRIRAMFIN,SHRIRAMFINEQN,1010.0,1043.6,1006.7,1036.5,987.2,49.3,4.99,1448148991278.95,1108.0,566.5,3572530,0,3662021876.5,,6.453068592057762,-82.96557811120918,65.51,-1.26,10-Mar-2025,10-Feb-2026,https://nsearchives.nseindia.com/today/SHRIRAMFINEQN.svg,https://nsearchives.nseindia.com/30d/SHRIRAMFIN-EQ.svg,https://nsearchives.nseindia.com/365d/SHRIRAMFIN-EQ.svg,EQ,"{'symbol': 'SHRIRAMFIN', 'companyName': 'Shriram Finance Limited', 'industry': 'Non Banking Financial Company (NBFC)', 'activeSeries': ['EQ', 'T0'], 'debtSeries': [], 'isFNOSec': True, 'isCASec': False, 'isSLBSec': True, 'isDebtSec': True, 'isSuspended': False, 'tempSuspendedSeries': ['N1', 'N2', 'N3', 'N4', 'N5', 'N6', 'N7', 'N8', 'N9', 'NA', 'NB', 'NC', 'ND', 'NE', 'NF', 'NG', 'NH', 'NI', 'NJ', 'NK', 'NL', 'NM', 'NN', 'NO', 'NP', 'NQ', 'NR', 'NS', 'NT', 'NU', 'NV', 'NW', 'NX', 'NY', 'NZ', 'Y1', 'Y2', 'Y3', 'Y4', 'Y5', 'Y6', 'Y7', 'Y8', 'Y9', 'YA', 'YB', 'YC', 'YD', 'YG', 'YH', 'YJ', 'YK', 'YM', 'YN', 'YO', 'YQ', 'YR', 'YT', 'YU', 'YV', 'YX', 'YY', 'Z1', 'Z2', 'Z3', 'Z6', 'Z7', 'ZA', 'ZD', 'ZG', 'ZJ'], 'isETFSec': False, 'isDelisted': False, 'isin': 'INE721A01047', 'slb_isin': 'INE721A01047', 'listingDate': '1996-12-11', 'isMunicipalBond': False, 'isHybridSymbol': False, 'segment': 'EQUITY', 'quotepreopenstatus': {'equityTime': '10-Mar-2026 10:13:52', 'preOpenTime': '10-Mar-2026 09:07:22', 'QuotePreOpenFlag': False}}"
0,LT,LTEQN,3936.0,3972.0,3856.0,3865.6,3842.1,23.5,0.61,4528023571123.85,4440.0,2965.3,863122,0,3363206660.32,,12.936936936936938,-30.361177621151306,21.54,-7.36,10-Mar-2025,10-Feb-2026,https://nsearchives.nseindia.com/today/LTEQN.svg,https://nsearchives.nseindia.com/30d/LT-EQ.svg,https://nsearchives.nseindia.com/365d/LT-EQ.svg,EQ,"{'symbol': 'LT', 'companyName': 'Larsen & Toubro Limited', 'industry': 'Civil Construction', 'activeSeries': ['EQ'], 'debtSeries': [], 'isFNOSec': True, 'isCASec': False, 'isSLBSec': True, 'isDebtSec': True, 'isSuspended': False, 'tempSuspendedSeries': [], 'isETFSec': False, 'isDelisted': False, 'isin': 'INE018A01030', 'slb_isin': 'INE018A01030', 'listingDate': '2004-06-23', 'isMunicipalBond': False, 'isHybridSymbol': False, 'segment': 'EQUITY', 'quotepreopenstatus': {'equityTime': '10-Mar-2026 10:13:52', 'preOpenTime': '10-Mar-2026 09:07:22', 'QuotePreOpenFlag': False}}"
0,VEDL,VEDLEQN,720.0,722.95,703.1,708.3,709.4,-1.1,-0.16,1198422688930.28,769.8,363.0,4546645,0,3230936869.9,,7.989088074824631,-95.12396694214874,61.84,2.57,10-Mar-2025,10-Feb-2026,https://nsearchives.nseindia.com/today/VEDLEQN.svg,https://nsearchives.nseindia.com/30d/VEDL-EQ.svg,https://nsearchives.nseindia.com/365d/VEDL-EQ.svg,EQ,"{'symbol': 'VEDL', 'companyName': 'Vedanta Limited', 'industry': 'Diversified Metals', 'activeSeries': ['EQ', 'T0'], 'debtSeries': [], 'isFNOSec': True, 'isCASec': False, 'isSLBSec': True, 'isDebtSec': False, 'isSuspended': False, 'tempSuspendedSeries': ['P1', 'O1'], 'isETFSec': False, 'isDelisted': False, 'isin': 'INE205A01025', 'slb_isin': 'INE205A01025', 'listingDate': '1998-05-13', 'isMunicipalBond': False, 'isHybridSymbol': False, 'segment': 'EQUITY', 'quotepreopenstatus': {'equityTime': '10-Mar-2026 10:13:52', 'preOpenTime': '10-Mar-2026 09:07:22', 'QuotePreOpenFlag': False}}"
0,BEL,BELEQN,465.0,465.8,453.55,454.65,457.35,-2.7,-0.59,1624437634871.83,473.45,256.2,6062181,0,2778115686.87,,3.9708522547259504,-77.45901639344262,66.97,3.98,10-Mar-2025,10-Feb-2026,https://nsearchives.nseindia.com/today/BELEQN.svg,https://nsearchives.nseindia.com/30d/BEL-EQ.svg,https://nsearchives.nseindia.com/365d/BEL-EQ.svg,EQ,"{'symbol': 'BEL', 'companyName': 'Bharat Electronics Limited', 'industry': 'Aerospace & Defense', 'activeSeries': ['EQ', 'T0'], 'debtSeries': [], 'isFNOSec': True, 'isCASec': False, 'isSLBSec': True, 'isDebtSec': False, 'isSuspended': False, 'tempSuspendedSeries': [], 'isETFSec': False, 'isDelisted': False, 'isin': 'INE263A01024', 'slb_isin': 'INE263A01024', 'listingDate': '2000-07-19', 'isMunicipalBond': False, 'isHybridSymbol': False, 'segment': 'EQUITY', 'quotepreopenstatus': {'equityTime': '10-Mar-2026 10:13:52', 'preOpenTime': '10-Mar-2026 09:07:22', 'QuotePreOpenFlag': False}}"
0,ETERNAL,ETERNALEQN,232.0,233.23,226.43,229.17,229.56,-0.39,-0.17,1643078479279.51,368.45,194.8,12038500,0,2758381505.0,,37.80160130275478,-17.643737166324424,8.53,-24.52,10-Mar-2025,10-Feb-2026,https://nsearchives.nseindia.com/today/ETERNALEQN.svg,https://nsearchives.nseindia.com/30d/ETERNAL-EQ.svg,https://nsearchives.nseindia.com/365d/ETERNAL-EQ.svg,EQ,"{'symbol': 'ETERNAL', 'companyName': 'ETERNAL LIMITED', 'industry': 'E-Retail/ E-Commerce', 'activeSeries': ['EQ', 'T0'], 'debtSeries': [], 'isFNOSec': True, 'isCASec': False, 'isSLBSec': True, 'isDebtSec': False, 'isSuspended': False, 'tempSuspendedSeries': [], 'isETFSec': False, 'isDelisted': False, 'isin': 'INE758T01015', 'slb_isin': 'INE758T01015', 'listingDate': '2021-07-23', 'isMunicipalBond': False, 'isHybridSymbol': False, 'segment': 'EQUITY', 'quotepreopenstatus': {'equityTime': '10-Mar-2026 10:13:52', 'preOpenTime': '10-Mar-2026 09:07:22', 'QuotePreOpenFlag': False}}"
0,MAZDOCK,MAZDOCKEQN,2448.0,2449.6,2361.0,2384.4,2387.0,-2.6,-0.11,180767228803.56,3775.0,2125.9,1133489,0,2714604140.99,,36.83708609271523,-12.159555952772942,3.58,-2.21,10-Mar-2025,10-Feb-2026,https://nsearchives.nseindia.com/today/MAZDOCKEQN.svg,https://nsearchives.nseindia.com/30d/MAZDOCK-EQ.svg,https://nsearchives.nseindia.com/365d/MAZDOCK-EQ.svg,EQ,"{'symbol': 'MAZDOCK', 'companyName': 'Mazagon Dock Shipbuilders Limited', 'industry': 'Ship Building & Allied Services', 'activeSeries': ['EQ', 'T0'], 'debtSeries': [], 'isFNOSec': True, 'isCASec': False, 'isSLBSec': True, 'isDebtSec': False, 'isSuspended': False, 'tempSuspendedSeries': [], 'isETFSec': False, 'isDelisted': False, 'isin': 'INE249Z01020', 'slb_isin': 'INE249Z01020', 'listingDate': '2020-10-12', 'isMunicipalBond': False, 'isHybridSymbol': False, 'segment': 'EQUITY', 'quotepreopenstatus': {'equityTime': '10-Mar-2026 10:13:52', 'preOpenTime': '10-Mar-2026 09:07:22', 'QuotePreOpenFlag': False}}"
0,INFY,INFYEQN,1320.0,1321.0,1294.0,1297.8,1315.0,-17.2,-1.31,4533820788659.32,1728.0,1264.1,2035364,0,2653219095.84,,24.89583333333334,-2.6659283284550312,-23.72,-13.35,10-Mar-2025,10-Feb-2026,https://nsearchives.nseindia.com/today/INFYEQN.svg,https://nsearchives.nseindia.com/30d/INFY-EQ.svg,https://nsearchives.nseindia.com/365d/INFY-EQ.svg,EQ,"{'symbol': 'INFY', 'companyName': 'Infosys Limited', 'industry': 'Computers - Software & Consulting', 'activeSeries': ['EQ', 'T0'], 'debtSeries': [], 'isFNOSec': True, 'isCASec': False, 'isSLBSec': True, 'isDebtSec': False, 'isSuspended': False, 'tempSuspendedSeries': [], 'isETFSec': False, 'isDelisted': False, 'isin': 'INE009A01021', 'slb_isin': 'INE009A01021', 'listingDate': '1995-02-08', 'isMunicipalBond': False, 'isHybridSymbol': False, 'segment': 'EQUITY', 'quotepreopenstatus': {'equityTime': '10-Mar-2026 10:13:52', 'preOpenTime': '10-Mar-2026 09:07:22', 'QuotePreOpenFlag': False}}"
0,BHARTIARTL,BHARTIARTLEQN,1880.8,1881.0,1853.3,1853.7,1866.7,-13.0,-0.7,5152808193502.7,2174.5,1612.2,1172891,0,2184486029.68,,14.75281673948034,-14.97953107554894,13.65,-7.84,10-Mar-2025,10-Feb-2026,https://nsearchives.nseindia.com/today/BHARTIARTLEQN.svg,https://nsearchives.nseindia.com/30d/BHARTIARTL-EQ.svg,https://nsearchives.nseindia.com/365d/BHARTIARTL-EQ.svg,EQ,"{'symbol': 'BHARTIARTL', 'companyName': 'Bharti Airtel Limited', 'industry': 'Telecom - Cellular & Fixed line services', 'activeSeries': ['EQ', 'T0'], 'debtSeries': [], 'isFNOSec': True, 'isCASec': False, 'isSLBSec': True, 'isDebtSec': False, 'isSuspended': False, 'tempSuspendedSeries': ['IL'], 'isETFSec': False, 'isDelisted': False, 'isin': 'INE397D01024', 'slb_isin': 'INE397D01024', 'listingDate': '2002-02-15', 'isMunicipalBond': False, 'isHybridSymbol': False, 'segment': 'EQUITY', 'quotepreopenstatus': {'equityTime': '10-Mar-2026 10:13:52', 'preOpenTime': '10-Mar-2026 09:07:22', 'QuotePreOpenFlag': False}}"
0,BPCL,BPCLEQN,336.5,342.2,326.0,328.25,331.15,-2.9,-0.88,633611613466.2,391.65,254.35,5885522,0,1945753573.2,,16.187922890335756,-29.05445252604679,27.7,-15.08,10-Mar-2025,10-Feb-2026,https://nsearchives.nseindia.com/today/BPCLEQN.svg,https://nsearchives.nseindia.com/30d/BPCL-EQ.svg,https://nsearchives.nseindia.com/365d/BPCL-EQ.svg,EQ,"{'symbol': 'BPCL', 'companyName': 'Bharat Petroleum Corporation Limited', 'industry': 'Refineries & Marketing', 'activeSeries': ['EQ', 'T0'], 'debtSeries': [], 'isFNOSec': True, 'isCASec': False, 'isSLBSec': True, 'isDebtSec': False, 'isSuspended': False, 'tempSuspendedSeries': [], 'isETFSec': False, 'isDelisted': False, 'isin': 'INE029A01011', 'slb_isin': 'INE029A01011', 'listingDate': '1995-09-13', 'isMunicipalBond': False, 'isHybridSymbol': False, 'segment': 'EQUITY', 'quotepreopenstatus': {'equityTime': '10-Mar-2026 10:13:52', 'preOpenTime': '10-Mar-2026 09:07:22', 'QuotePreOpenFlag': False}}"
0,M&M,M&MEQN,3278.0,3278.0,3228.9,3262.9,3187.6,75.3,2.36,2905001867088.77,3839.9,2425.0,561653,0,1823440163.68,,15.026432980025522,-34.552577319587634,20.7,-11.26,10-Mar-2025,10-Feb-2026,https://nsearchives.nseindia.com/today/M&MEQN.svg,https://nsearchives.nseindia.com/30d/M&M-EQ.svg,https://nsearchives.nseindia.com/365d/M&M-EQ.svg,EQ,"{'symbol': 'M&M', 'companyName': 'Mahindra & Mahindra Limited', 'industry': 'Passenger Cars & Utility Vehicles', 'activeSeries': ['EQ', 'T0'], 'debtSeries': [], 'isFNOSec': True, 'isCASec': False, 'isSLBSec': True, 'isDebtSec': False, 'isSuspended': False, 'tempSuspendedSeries': [], 'isETFSec': False, 'isDelisted': False, 'isin': 'INE101A01026', 'slb_isin': 'INE101A01026', 'listingDate': '1996-01-03', 'isMunicipalBond': False, 'isHybridSymbol': False, 'segment': 'EQUITY', 'quotepreopenstatus': {'equityTime': '10-Mar-2026 10:13:52', 'preOpenTime': '10-Mar-2026 09:07:22', 'QuotePreOpenFlag': False}}"
0,TCS,TCSEQN,2541.0,2545.2,2507.3,2512.2,2527.4,-15.2,-0.6,2558431153178.06,3710.0,2505.0,717253,0,1811831285.71,,32.28571428571429,-0.2874251497005915,-30.0,-15.81,10-Mar-2025,10-Feb-2026,https://nsearchives.nseindia.com/today/TCSEQN.svg,https://nsearchives.nseindia.com/30d/TCS-EQ.svg,https://nsearchives.nseindia.com/365d/TCS-EQ.svg,EQ,"{'symbol': 'TCS', 'companyName': 'Tata Consultancy Services Limited', 'industry': 'Computers - Software & Consulting', 'activeSeries': ['EQ', 'T0'], 'debtSeries': [], 'isFNOSec': True, 'isCASec': False, 'isSLBSec': True, 'isDebtSec': False, 'isSuspended': False, 'tempSuspendedSeries': [], 'isETFSec': False, 'isDelisted': False, 'isin': 'INE467B01029', 'slb_isin': 'INE467B01029', 'listingDate': '2004-08-25', 'isMunicipalBond': False, 'isHybridSymbol': False, 'segment': 'EQUITY', 'quotepreopenstatus': {'equityTime': '10-Mar-2026 10:13:52', 'preOpenTime': '10-Mar-2026 09:07:22', 'QuotePreOpenFlag': False}}"
0,KOTAKBANK,KOTAKBANKEQN,390.5,393.7,387.5,391.0,386.35,4.65,1.2,2865929029390.37,460.38,380.89,4491477,0,1747723530.24,,15.070159433511447,-2.6543096432040785,1.73,-8.92,10-Mar-2025,10-Feb-2026,https://nsearchives.nseindia.com/today/KOTAKBANKEQN.svg,https://nsearchives.nseindia.com/30d/KOTAKBANK-EQ.svg,https://nsearchives.nseindia.com/365d/KOTAKBANK-EQ.svg,EQ,"{'symbol': 'KOTAKBANK', 'companyName': 'Kotak Mahindra Bank Limited', 'industry': 'Private Sector Bank', 'activeSeries': ['EQ', 'T0'], 'debtSeries': [], 'isFNOSec': True, 'isCASec': False, 'isSLBSec': True, 'isDebtSec': False, 'isSuspended': False, 'tempSuspendedSeries': ['IL'], 'isETFSec': False, 'isDelisted': False, 'isin': 'INE237A01036', 'slb_isin': 'INE237A01036', 'listingDate': '1995-12-20', 'isMunicipalBond': False, 'isHybridSymbol': False, 'segment': 'EQUITY', 'quotepreopenstatus': {'equityTime': '10-Mar-2026 10:13:52', 'preOpenTime': '10-Mar-2026 09:07:22', 'QuotePreOpenFlag': False}}"
0,AXISBANK,AXISBANKEQN,1295.2,1300.0,1284.6,1298.4,1288.3,10.1,0.78,3713279507653.03,1418.3,999.2,1248162,0,1614460102.14,,8.453782697595702,-29.943955164131307,25.37,-4.28,10-Mar-2025,10-Feb-2026,https://nsearchives.nseindia.com/today/AXISBANKEQN.svg,https://nsearchives.nseindia.com/30d/AXISBANK-EQ.svg,https://nsearchives.nseindia.com/365d/AXISBANK-EQ.svg,EQ,"{'symbol': 'AXISBANK', 'companyName': 'Axis Bank Limited', 'industry': 'Private Sector Bank', 'activeSeries': ['EQ'], 'debtSeries': [], 'isFNOSec': True, 'isCASec': False, 'isSLBSec': True, 'isDebtSec': True, 'isSuspended': False, 'tempSuspendedSeries': ['IL'], 'isETFSec': False, 'isDelisted': False, 'isin': 'INE238A01034', 'slb_isin': 'INE238A01034', 'listingDate': '1998-11-16', 'isMunicipalBond': False, 'isHybridSymbol': False, 'segment': 'EQUITY', 'quotepreopenstatus': {'equityTime': '10-Mar-2026 10:13:52', 'preOpenTime': '10-Mar-2026 09:07:22', 'QuotePreOpenFlag': False}}"
0,ONGC,ONGCEQN,270.85,270.85,265.35,268.1,270.8,-2.7,-1.0,1038530726459.78,293.0,205.0,5956999,0,1590220883.05,,8.498293515358354,-30.780487804878057,20.01,-1.58,10-Mar-2025,10-Feb-2026,https://nsearchives.nseindia.com/today/ONGCEQN.svg,https://nsearchives.nseindia.com/30d/ONGC-EQ.svg,https://nsearchives.nseindia.com/365d/ONGC-EQ.svg,EQ,"{'symbol': 'ONGC', 'companyName': 'Oil & Natural Gas Corporation Limited', 'industry': 'Oil Exploration & Production', 'activeSeries': ['EQ', 'T0'], 'debtSeries': [], 'isFNOSec': True, 'isCASec': False, 'isSLBSec': True, 'isDebtSec': False, 'isSuspended': False, 'tempSuspendedSeries': [], 'isETFSec': False, 'isDelisted': False, 'isin': 'INE213A01029', 'slb_isin': 'INE213A01029', 'listingDate': '1995-07-19', 'isMunicipalBond': False, 'isHybridSymbol': False, 'segment': 'EQUITY', 'quotepreopenstatus': {'equityTime': '10-Mar-2026 10:13:52', 'preOpenTime': '10-Mar-2026 09:07:22', 'QuotePreOpenFlag': False}}"
0,HAL,HALEQN,4025.0,4053.0,3918.0,3941.2,3989.9,-48.7,-1.22,745494607540.5,5165.0,3355.0,376529,0,1494918027.54,,23.694094869312686,-17.472429210134123,15.33,-5.44,10-Mar-2025,10-Feb-2026,https://nsearchives.nseindia.com/today/HALEQN.svg,https://nsearchives.nseindia.com/30d/HAL-EQ.svg,https://nsearchives.nseindia.com/365d/HAL-EQ.svg,EQ,"{'symbol': 'HAL', 'companyName': 'Hindustan Aeronautics Limited', 'industry': 'Aerospace & Defense', 'activeSeries': ['EQ'], 'debtSeries': [], 'isFNOSec': True, 'isCASec': False, 'isSLBSec': True, 'isDebtSec': False, 'isSuspended': False, 'tempSuspendedSeries': [], 'isETFSec': False, 'isDelisted': False, 'isin': 'INE066F01020', 'slb_isin': 'INE066F01020', 'listingDate': '2018-03-28', 'isMunicipalBond': False, 'isHybridSymbol': False, 'segment': 'EQUITY', 'quotepreopenstatus': {'equityTime': '10-Mar-2026 10:13:52', 'preOpenTime': '10-Mar-2026 09:07:22', 'QuotePreOpenFlag': False}}"
0,IOC,IOCEQN,164.44,166.86,160.64,161.74,161.22,0.52,0.32,602508178106.68,188.96,120.34,9034349,0,1469707895.32,,14.405165114309906,-34.40252617583514,32.97,-9.28,10-Mar-2025,10-Feb-2026,https://nsearchives.nseindia.com/today/IOCEQN.svg,https://nsearchives.nseindia.com/30d/IOC-EQ.svg,https://nsearchives.nseindia.com/365d/IOC-EQ.svg,EQ,"{'symbol': 'IOC', 'companyName': 'Indian Oil Corporation Limited', 'industry': 'Refineries & Marketing', 'activeSeries': ['EQ', 'T0'], 'debtSeries': [], 'isFNOSec': True, 'isCASec': False, 'isSLBSec': True, 'isDebtSec': True, 'isSuspended': False, 'tempSuspendedSeries': [], 'isETFSec': False, 'isDelisted': False, 'isin': 'INE242A01010', 'slb_isin': 'INE242A01010', 'listingDate': '1996-07-24', 'isMunicipalBond': False, 'isHybridSymbol': False, 'segment': 'EQUITY', 'quotepreopenstatus': {'equityTime': '10-Mar-2026 10:13:52', 'preOpenTime': '10-Mar-2026 09:07:22', 'QuotePreOpenFlag': False}}"
0,TATASTEEL,TATASTEELEQN,194.01,196.64,192.0,192.96,191.01,1.95,1.02,1590654221170.67,216.45,125.3,7558962,0,1464775656.36,,10.852390852390844,-53.998403830806076,27.68,-7.28,10-Mar-2025,10-Feb-2026,https://nsearchives.nseindia.com/today/TATASTEELEQN.svg,https://nsearchives.nseindia.com/30d/TATASTEEL-EQ.svg,https://nsearchives.nseindia.com/365d/TATASTEEL-EQ.svg,EQ,"{'symbol': 'TATASTEEL', 'companyName': 'Tata Steel Limited', 'industry': 'Iron & Steel', 'activeSeries': ['EQ', 'T0'], 'debtSeries': [], 'isFNOSec': True, 'isCASec': False, 'isSLBSec': True, 'isDebtSec': False, 'isSuspended': False, 'tempSuspendedSeries': ['B1', 'E1', 'Q1', 'IL'], 'isETFSec': False, 'isDelisted': False, 'isin': 'INE081A01020', 'slb_isin': 'INE081A01020', 'listingDate': '1998-11-18', 'isMunicipalBond': False, 'isHybridSymbol': False, 'segment': 'EQUITY', 'quotepreopenstatus': {'equityTime': '10-Mar-2026 10:13:52', 'preOpenTime': '10-Mar-2026 09:07:22', 'QuotePreOpenFlag': False}}"
0,SOLARINDS,SOLARINDSEQN,15250.0,15428.0,14890.0,14923.0,14977.0,-54.0,-0.36,361966454764.79,17820.0,9445.05,86843,0,1313285004.36,,16.257014590347925,-57.998104827396375,51.67,11.15,10-Mar-2025,10-Feb-2026,https://nsearchives.nseindia.com/today/SOLARINDSEQN.svg,https://nsearchives.nseindia.com/30d/SOLARINDS-EQ.svg,https://nsearchives.nseindia.com/365d/SOLARINDS-EQ.svg,EQ,"{'symbol': 'SOLARINDS', 'companyName': 'Solar Industries India Limited', 'industry': 'Explosives', 'activeSeries': ['EQ'], 'debtSeries': [], 'isFNOSec': True, 'isCASec': False, 'isSLBSec': True, 'isDebtSec': False, 'isSuspended': False, 'tempSuspendedSeries': ['BE'], 'isETFSec': False, 'isDelisted': False, 'isin': 'INE343H01029', 'slb_isin': 'INE343H01029', 'listingDate': '2006-04-03', 'isMunicipalBond': False, 'isHybridSymbol': False, 'segment': 'EQUITY', 'quotepreopenstatus': {'equityTime': '10-Mar-2026 10:13:52', 'preOpenTime': '10-Mar-2026 09:07:22', 'QuotePreOpenFlag': False}}"
0,ABB,ABBEQN,6032.5,6217.5,6032.0,6142.0,5982.5,159.5,2.67,321181214000.57,6260.0,4637.5,188765,0,1165650302.1,,1.8849840255591055,-32.44204851752021,19.06,4.67,10-Mar-2025,10-Feb-2026,https://nsearchives.nseindia.com/today/ABBEQN.svg,https://nsearchives.nseindia.com/30d/ABB-EQ.svg,https://nsearchives.nseindia.com/365d/ABB-EQ.svg,EQ,"{'symbol': 'ABB', 'companyName': 'ABB India Limited', 'industry': 'Heavy Electrical Equipment', 'activeSeries': ['EQ'], 'debtSeries': [], 'isFNOSec': True, 'isCASec': False, 'isSLBSec': True, 'isDebtSec': False, 'isSuspended': False, 'tempSuspendedSeries': [], 'isETFSec': False, 'isDelisted': False, 'isin': 'INE117A01022', 'slb_isin': 'INE117A01022', 'listingDate': '1995-02-08', 'isMunicipalBond': False, 'isHybridSymbol': False, 'segment': 'EQUITY', 'quotepreopenstatus': {'equityTime': '10-Mar-2026 10:13:52', 'preOpenTime': '10-Mar-2026 09:07:22', 'QuotePreOpenFlag': False}}"
0,HINDALCO,HINDALCOEQN,956.0,957.75,933.35,938.0,945.35,-7.35,-0.78,1353236627423.23,1029.8,546.45,1198826,0,1128131230.78,,8.914352301417749,-71.65339921310273,36.03,-3.25,10-Mar-2025,10-Feb-2026,https://nsearchives.nseindia.com/today/HINDALCOEQN.svg,https://nsearchives.nseindia.com/30d/HINDALCO-EQ.svg,https://nsearchives.nseindia.com/365d/HINDALCO-EQ.svg,EQ,"{'symbol': 'HINDALCO', 'companyName': 'Hindalco Industries Limited', 'industry': 'Aluminium', 'activeSeries': ['EQ', 'T0'], 'debtSeries': [], 'isFNOSec': True, 'isCASec': False, 'isSLBSec': True, 'isDebtSec': False, 'isSuspended': False, 'tempSuspendedSeries': ['E1', 'E2', 'P1'], 'isETFSec': False, 'isDelisted': False, 'isin': 'INE038A01020', 'slb_isin': 'INE038A01020', 'listingDate': '1997-01-08', 'isMunicipalBond': False, 'isHybridSymbol': False, 'segment': 'EQUITY', 'quotepreopenstatus': {'equityTime': '10-Mar-2026 10:13:52', 'preOpenTime': '10-Mar-2026 09:07:22', 'QuotePreOpenFlag': False}}"
0,SUNPHARMA,SUNPHARMAEQN,1810.0,1825.1,1806.2,1817.5,1807.4,10.1,0.56,1919664246399.22,1851.2,1548.0,586969,0,1065718525.47,,1.8204407951598987,-17.40956072351421,12.7,6.34,10-Mar-2025,10-Feb-2026,https://nsearchives.nseindia.com/today/SUNPHARMAEQN.svg,https://nsearchives.nseindia.com/30d/SUNPHARMA-EQ.svg,https://nsearchives.nseindia.com/365d/SUNPHARMA-EQ.svg,EQ,"{'symbol': 'SUNPHARMA', 'companyName': 'Sun Pharmaceutical Industries Limited', 'industry': 'Pharmaceuticals', 'activeSeries': ['EQ'], 'debtSeries': [], 'isFNOSec': True, 'isCASec': False, 'isSLBSec': True, 'isDebtSec': False, 'isSuspended': False, 'tempSuspendedSeries': ['P1'], 'isETFSec': False, 'isDelisted': False, 'isin': 'INE044A01036', 'slb_isin': 'INE044A01036', 'listingDate': '1995-02-08', 'isMunicipalBond': False, 'isHybridSymbol': False, 'segment': 'EQUITY', 'quotepreopenstatus': {'equityTime': '10-Mar-2026 10:13:52', 'preOpenTime': '10-Mar-2026 09:07:22', 'QuotePreOpenFlag': False}}"
0,ITC,ITCEQN,309.0,309.0,303.75,304.0,306.0,-2.0,-0.65,2922067280537.69,444.2,302.0,3483175,0,1063831308.5,,31.562359297613686,-0.6622516556291391,-24.94,-5.41,10-Mar-2025,10-Feb-2026,https://nsearchives.nseindia.com/today/ITCEQN.svg,https://nsearchives.nseindia.com/30d/ITC-EQ.svg,https://nsearchives.nseindia.com/365d/ITC-EQ.svg,EQ,"{'symbol': 'ITC', 'companyName': 'ITC Limited', 'industry': 'Diversified FMCG', 'activeSeries': ['EQ', 'T0'], 'debtSeries': [], 'isFNOSec': True, 'isCASec': False, 'isSLBSec': True, 'isDebtSec': False, 'isSuspended': False, 'tempSuspendedSeries': [], 'isETFSec': False, 'isDelisted': False, 'isin': 'INE154A01025', 'slb_isin': 'INE154A01025', 'listingDate': '1995-08-23', 'isMunicipalBond': False, 'isHybridSymbol': False, 'segment': 'EQUITY', 'quotepreopenstatus': {'equityTime': '10-Mar-2026 10:13:52', 'preOpenTime': '10-Mar-2026 09:07:22', 'QuotePreOpenFlag': False}}"
0,BAJFINANCE,BAJFINANCEEQN,950.0,952.15,931.85,936.4,938.05,-1.65,-0.18,2479435992340.63,1102.5,821.13,1100689,0,1035065921.82,,15.065759637188211,-14.037972062888944,12.24,-3.03,10-Mar-2025,10-Feb-2026,https://nsearchives.nseindia.com/today/BAJFINANCEEQN.svg,https://nsearchives.nseindia.com/30d/BAJFINANCE-EQ.svg,https://nsearchives.nseindia.com/365d/BAJFINANCE-EQ.svg,EQ,"{'symbol': 'BAJFINANCE', 'companyName': 'Bajaj Finance Limited', 'industry': 'Non Banking Financial Company (NBFC)', 'activeSeries': ['EQ', 'T0'], 'debtSeries': [], 'isFNOSec': True, 'isCASec': False, 'isSLBSec': True, 'isDebtSec': False, 'isSuspended': False, 'tempSuspendedSeries': ['N1', 'W1'], 'isETFSec': False, 'isDelisted': False, 'isin': 'INE296A01032', 'slb_isin': 'INE296A01032', 'listingDate': '2003-04-01', 'isMunicipalBond': False, 'isHybridSymbol': False, 'segment': 'EQUITY', 'quotepreopenstatus': {'equityTime': '10-Mar-2026 10:13:52', 'preOpenTime': '10-Mar-2026 09:07:22', 'QuotePreOpenFlag': False}}"
0,MARUTI,MARUTIEQN,13721.0,13741.0,13505.0,13583.0,13508.0,75.0,0.56,1778061741754.62,17370.0,11059.45,75513,0,1025943782.16,,21.80195739781232,-22.81804248855051,17.3,-10.27,10-Mar-2025,10-Feb-2026,https://nsearchives.nseindia.com/today/MARUTIEQN.svg,https://nsearchives.nseindia.com/30d/MARUTI-EQ.svg,https://nsearchives.nseindia.com/365d/MARUTI-EQ.svg,EQ,"{'symbol': 'MARUTI', 'companyName': 'Maruti Suzuki India Limited', 'industry': 'Passenger Cars & Utility Vehicles', 'activeSeries': ['EQ'], 'debtSeries': [], 'isFNOSec': True, 'isCASec': False, 'isSLBSec': True, 'isDebtSec': False, 'isSuspended': False, 'tempSuspendedSeries': ['IL'], 'isETFSec': False, 'isDelisted': False, 'isin': 'INE585B01010', 'slb_isin': 'INE585B01010', 'listingDate': '2003-07-09', 'isMunicipalBond': False, 'isHybridSymbol': False, 'segment': 'EQUITY', 'quotepreopenstatus': {'equityTime': '10-Mar-2026 10:13:52', 'preOpenTime': '10-Mar-2026 09:07:22', 'QuotePreOpenFlag': False}}"
0,TMPV,TMPVEQN,338.0,339.85,334.25,337.9,332.0,5.9,1.78,704820691151.79,744.0,328.65,3042503,0,1024319485.01,,54.583333333333336,-2.814544348090674,-47.86,-10.91,10-Mar-2025,10-Feb-2026,https://nsearchives.nseindia.com/today/TMPVEQN.svg,https://nsearchives.nseindia.com/30d/TMPV-EQ.svg,https://nsearchives.nseindia.com/365d/TMPV-EQ.svg,EQ,"{'symbol': 'TMPV', 'companyName': 'Tata Motors Passenger Vehicles Limited', 'industry': 'Passenger Cars & Utility Vehicles', 'activeSeries': ['EQ', 'T0'], 'debtSeries': [], 'isFNOSec': True, 'isCASec': False, 'isSLBSec': True, 'isDebtSec': False, 'isSuspended': False, 'tempSuspendedSeries': [], 'isETFSec': False, 'isDelisted': False, 'isin': 'INE155A01022', 'slb_isin': 'INE155A01022', 'listingDate': '1998-07-22', 'isMunicipalBond': False, 'isHybridSymbol': False, 'segment': 'EQUITY', 'quotepreopenstatus': {'equityTime': '10-Mar-2026 10:13:52', 'preOpenTime': '10-Mar-2026 09:07:22', 'QuotePreOpenFlag': False}}"
0,BAJAJ-AUTO,BAJAJ-AUTOEQN,9449.5,9516.0,9349.0,9415.5,9383.0,32.5,0.35,1042274025972.33,10187.0,7089.35,108116,0,1017458052.8,,7.573377834494945,-32.8118938971838,27.66,-3.57,10-Mar-2025,10-Feb-2026,https://nsearchives.nseindia.com/today/BAJAJ-AUTOEQN.svg,https://nsearchives.nseindia.com/30d/BAJAJ-AUTO-EQ.svg,https://nsearchives.nseindia.com/365d/BAJAJ-AUTO-EQ.svg,EQ,"{'symbol': 'BAJAJ-AUTO', 'companyName': 'Bajaj Auto Limited', 'industry': '2/3 Wheelers', 'activeSeries': ['EQ', 'T0'], 'debtSeries': [], 'isFNOSec': True, 'isCASec': False, 'isSLBSec': True, 'isDebtSec': False, 'isSuspended': False, 'tempSuspendedSeries': [], 'isETFSec': False, 'isDelisted': False, 'isin': 'INE917I01010', 'slb_isin': 'INE917I01010', 'listingDate': '2008-05-26', 'isMunicipalBond': False, 'isHybridSymbol': False, 'segment': 'EQUITY', 'quotepreopenstatus': {'equityTime': '10-Mar-2026 10:13:52', 'preOpenTime': '10-Mar-2026 09:07:22', 'QuotePreOpenFlag': False}}"
0,COALINDIA,COALINDIAEQN,444.8,444.8,433.75,437.85,437.65,0.2,0.05,991759525329.96,461.55,356.0,2135617,0,930360189.88,,5.134871628209293,-22.99157303370787,16.78,1.66,10-Mar-2025,10-Feb-2026,https://nsearchives.nseindia.com/today/COALINDIAEQN.svg,https://nsearchives.nseindia.com/30d/COALINDIA-EQ.svg,https://nsearchives.nseindia.com/365d/COALINDIA-EQ.svg,EQ,"{'symbol': 'COALINDIA', 'companyName': 'Coal India Limited', 'industry': 'Coal', 'activeSeries': ['EQ', 'T0'], 'debtSeries': [], 'isFNOSec': True, 'isCASec': False, 'isSLBSec': True, 'isDebtSec': False, 'isSuspended': False, 'tempSuspendedSeries': [], 'isETFSec': False, 'isDelisted': False, 'isin': 'INE522F01014', 'slb_isin': 'INE522F01014', 'listingDate': '2010-11-04', 'isMunicipalBond': False, 'isHybridSymbol': False, 'segment': 'EQUITY', 'quotepreopenstatus': {'equityTime': '10-Mar-2026 10:13:52', 'preOpenTime': '10-Mar-2026 09:07:22', 'QuotePreOpenFlag': False}}"
0,NTPC,NTPCEQN,385.0,385.45,376.65,378.85,376.25,2.6,0.69,1790615179523.69,388.55,315.55,2427496,0,921550306.48,,2.4964612019045136,-20.06021232768183,14.94,3.19,10-Mar-2025,10-Feb-2026,https://nsearchives.nseindia.com/today/NTPCEQN.svg,https://nsearchives.nseindia.com/30d/NTPC-EQ.svg,https://nsearchives.nseindia.com/365d/NTPC-EQ.svg,EQ,"{'symbol': 'NTPC', 'companyName': 'NTPC Limited', 'industry': 'Power Generation', 'activeSeries': ['EQ', 'T0'], 'debtSeries': [], 'isFNOSec': True, 'isCASec': False, 'isSLBSec': True, 'isDebtSec': True, 'isSuspended': False, 'tempSuspendedSeries': ['N1', 'N4', 'U1', 'U4'], 'isETFSec': False, 'isDelisted': False, 'isin': 'INE733E01010', 'slb_isin': 'INE733E01010', 'listingDate': '2004-11-05', 'isMunicipalBond': False, 'isHybridSymbol': False, 'segment': 'EQUITY', 'quotepreopenstatus': {'equityTime': '10-Mar-2026 10:13:52', 'preOpenTime': '10-Mar-2026 09:07:22', 'QuotePreOpenFlag': False}}"
0,CANBK,CANBKEQN,142.5,143.85,140.17,141.1,139.91,1.19,0.85,474049759345.83,162.89,81.4,6360328,0,899413982.48,,13.377125667628457,-73.34152334152333,71.11,-3.87,10-Mar-2025,10-Feb-2026,https://nsearchives.nseindia.com/today/CANBKEQN.svg,https://nsearchives.nseindia.com/30d/CANBK-EQ.svg,https://nsearchives.nseindia.com/365d/CANBK-EQ.svg,EQ,"{'symbol': 'CANBK', 'companyName': 'Canara Bank', 'industry': 'Public Sector Bank', 'activeSeries': ['EQ', 'T0'], 'debtSeries': [], 'isFNOSec': True, 'isCASec': False, 'isSLBSec': True, 'isDebtSec': True, 'isSuspended': False, 'tempSuspendedSeries': ['IL'], 'isETFSec': False, 'isDelisted': False, 'isin': 'INE476A01022', 'slb_isin': 'INE476A01022', 'listingDate': '2002-12-23', 'isMunicipalBond': False, 'isHybridSymbol': False, 'segment': 'EQUITY', 'quotepreopenstatus': {'equityTime': '10-Mar-2026 10:13:52', 'preOpenTime': '10-Mar-2026 09:07:22', 'QuotePreOpenFlag': False}}"
0,JIOFIN,JIOFINEQN,236.95,237.55,232.55,232.65,232.25,0.4,0.17,761010510234.59,338.6,203.1,3636787,0,851917354.75,,31.290608387477853,-14.54948301329395,7.48,-13.88,10-Mar-2025,10-Feb-2026,https://nsearchives.nseindia.com/today/JIOFINEQN.svg,https://nsearchives.nseindia.com/30d/JIOFIN-EQ.svg,https://nsearchives.nseindia.com/365d/JIOFIN-EQ.svg,EQ,"{'symbol': 'JIOFIN', 'companyName': 'Jio Financial Services Limited', 'industry': 'Investment Company', 'activeSeries': ['EQ', 'T0'], 'debtSeries': [], 'isFNOSec': True, 'isCASec': False, 'isSLBSec': True, 'isDebtSec': False, 'isSuspended': False, 'tempSuspendedSeries': [], 'isETFSec': False, 'isDelisted': False, 'isin': 'INE758E01017', 'slb_isin': 'INE758E01017', 'listingDate': '2023-08-21', 'isMunicipalBond': False, 'isHybridSymbol': False, 'segment': 'EQUITY', 'quotepreopenstatus': {'equityTime': '10-Mar-2026 10:13:52', 'preOpenTime': '10-Mar-2026 09:07:22', 'QuotePreOpenFlag': False}}"
0,GAIL,GAILEQN,151.0,152.5,149.57,150.74,148.98,1.76,1.18,405474469199.58,202.79,146.41,5158038,0,775665754.44,,25.666946101878782,-2.957448261730765,-2.89,-8.44,10-Mar-2025,10-Feb-2026,https://nsearchives.nseindia.com/today/GAILEQN.svg,https://nsearchives.nseindia.com/30d/GAIL-EQ.svg,https://nsearchives.nseindia.com/365d/GAIL-EQ.svg,EQ,"{'symbol': 'GAIL', 'companyName': 'GAIL (India) Limited', 'industry': 'Gas Transmission/Marketing', 'activeSeries': ['EQ', 'T0'], 'debtSeries': [], 'isFNOSec': True, 'isCASec': False, 'isSLBSec': True, 'isDebtSec': False, 'isSuspended': False, 'tempSuspendedSeries': [], 'isETFSec': False, 'isDelisted': False, 'isin': 'INE129A01019', 'slb_isin': 'INE129A01019', 'listingDate': '1997-04-02', 'isMunicipalBond': False, 'isHybridSymbol': False, 'segment': 'EQUITY', 'quotepreopenstatus': {'equityTime': '10-Mar-2026 10:13:52', 'preOpenTime': '10-Mar-2026 09:07:22', 'QuotePreOpenFlag': False}}"
0,ADANIGREEN,ADANIGREENEQN,875.0,878.95,843.25,848.0,854.15,-6.15,-0.72,258852322775.46,1177.55,765.0,898873,0,768491471.35,,27.98607277822597,-10.84967320261438,2.59,-13.38,10-Mar-2025,10-Feb-2026,https://nsearchives.nseindia.com/today/ADANIGREENEQN.svg,https://nsearchives.nseindia.com/30d/ADANIGREEN-EQ.svg,https://nsearchives.nseindia.com/365d/ADANIGREEN-EQ.svg,EQ,"{'symbol': 'ADANIGREEN', 'companyName': 'Adani Green Energy Limited', 'industry': 'Power Generation', 'activeSeries': ['EQ'], 'debtSeries': [], 'isFNOSec': True, 'isCASec': False, 'isSLBSec': True, 'isDebtSec': False, 'isSuspended': False, 'tempSuspendedSeries': ['BE'], 'isETFSec': False, 'isDelisted': False, 'isin': 'INE364U01010', 'slb_isin': 'INE364U01010', 'listingDate': '2018-06-18', 'isMunicipalBond': False, 'isHybridSymbol': False, 'segment': 'EQUITY', 'quotepreopenstatus': {'equityTime': '10-Mar-2026 10:13:52', 'preOpenTime': '10-Mar-2026 09:07:22', 'QuotePreOpenFlag': False}}"
0,PFC,PFCEQN,398.0,402.35,396.45,401.3,392.8,8.5,2.16,582549771482.67,444.1,329.9,1885947,0,752360836.71,,9.637469038504843,-21.642922097605346,1.74,-2.94,10-Mar-2025,10-Feb-2026,https://nsearchives.nseindia.com/today/PFCEQN.svg,https://nsearchives.nseindia.com/30d/PFC-EQ.svg,https://nsearchives.nseindia.com/365d/PFC-EQ.svg,EQ,"{'symbol': 'PFC', 'companyName': 'Power Finance Corporation Limited', 'industry': 'Financial Institution', 'activeSeries': ['EQ', 'T0'], 'debtSeries': [], 'isFNOSec': True, 'isCASec': False, 'isSLBSec': True, 'isDebtSec': True, 'isSuspended': False, 'tempSuspendedSeries': ['N4', 'N6'], 'isETFSec': False, 'isDelisted': False, 'isin': 'INE134E01011', 'slb_isin': 'INE134E01011', 'listingDate': '2007-02-23', 'isMunicipalBond': False, 'isHybridSymbol': False, 'segment': 'EQUITY', 'quotepreopenstatus': {'equityTime': '10-Mar-2026 10:13:52', 'preOpenTime': '10-Mar-2026 09:07:22', 'QuotePreOpenFlag': False}}"
0,ASIANPAINT,ASIANPAINTEQN,2251.6,2305.1,2251.6,2255.2,2220.8,34.4,1.55,1016815587860.1,2985.7,2162.6,315125,0,715986058.75,,24.466624242221258,-4.281882918708957,-1.05,-5.8,10-Mar-2025,10-Feb-2026,https://nsearchives.nseindia.com/today/ASIANPAINTEQN.svg,https://nsearchives.nseindia.com/30d/ASIANPAINT-EQ.svg,https://nsearchives.nseindia.com/365d/ASIANPAINT-EQ.svg,EQ,"{'symbol': 'ASIANPAINT', 'companyName': 'Asian Paints Limited', 'industry': 'Paints', 'activeSeries': ['EQ', 'T0'], 'debtSeries': [], 'isFNOSec': True, 'isCASec': False, 'isSLBSec': True, 'isDebtSec': False, 'isSuspended': False, 'tempSuspendedSeries': [], 'isETFSec': False, 'isDelisted': False, 'isin': 'INE021A01026', 'slb_isin': 'INE021A01026', 'listingDate': '1995-05-31', 'isMunicipalBond': False, 'isHybridSymbol': False, 'segment': 'EQUITY', 'quotepreopenstatus': {'equityTime': '10-Mar-2026 10:13:52', 'preOpenTime': '10-Mar-2026 09:07:22', 'QuotePreOpenFlag': False}}"
0,ULTRACEMCO,ULTRACEMCOEQN,11606.0,11750.0,11531.0,11604.0,11378.0,226.0,1.99,1372006357621.16,13110.0,10356.25,60760,0,707795670.4,,11.48741418764302,-12.048280024140013,10.32,-10.88,10-Mar-2025,10-Feb-2026,https://nsearchives.nseindia.com/today/ULTRACEMCOEQN.svg,https://nsearchives.nseindia.com/30d/ULTRACEMCO-EQ.svg,https://nsearchives.nseindia.com/365d/ULTRACEMCO-EQ.svg,EQ,"{'symbol': 'ULTRACEMCO', 'companyName': 'UltraTech Cement Limited', 'industry': 'Cement & Cement Products', 'activeSeries': ['EQ', 'T0'], 'debtSeries': [], 'isFNOSec': True, 'isCASec': False, 'isSLBSec': True, 'isDebtSec': True, 'isSuspended': False, 'tempSuspendedSeries': [], 'isETFSec': False, 'isDelisted': False, 'isin': 'INE481G01011', 'slb_isin': 'INE481G01011', 'listingDate': '2004-08-24', 'isMunicipalBond': False, 'isHybridSymbol': False, 'segment': 'EQUITY', 'quotepreopenstatus': {'equityTime': '10-Mar-2026 10:13:52', 'preOpenTime': '10-Mar-2026 09:07:22', 'QuotePreOpenFlag': False}}"
0,ADANIENT,ADANIENTEQN,2030.0,2030.0,1987.0,1987.8,1999.2,-11.4,-0.57,516352231510.69,2616.5,1848.0,335936,0,673111603.84,,24.028282056181926,-7.564935064935063,-8.22,-10.9,10-Mar-2025,10-Feb-2026,https://nsearchives.nseindia.com/today/ADANIENTEQN.svg,https://nsearchives.nseindia.com/30d/ADANIENT-EQ.svg,https://nsearchives.nseindia.com/365d/ADANIENT-EQ.svg,EQ,"{'symbol': 'ADANIENT', 'companyName': 'Adani Enterprises Limited', 'industry': 'Trading - Minerals', 'activeSeries': ['EQ', 'T0'], 'debtSeries': [], 'isFNOSec': True, 'isCASec': False, 'isSLBSec': True, 'isDebtSec': True, 'isSuspended': False, 'tempSuspendedSeries': [], 'isETFSec': False, 'isDelisted': False, 'isin': 'INE423A01024', 'slb_isin': 'INE423A01024', 'listingDate': '1997-06-04', 'isMunicipalBond': False, 'isHybridSymbol': False, 'segment': 'EQUITY', 'quotepreopenstatus': {'equityTime': '10-Mar-2026 10:13:52', 'preOpenTime': '10-Mar-2026 09:07:22', 'QuotePreOpenFlag': False}}"
0,HINDZINC,HINDZINCEQN,585.0,590.6,580.05,582.2,575.0,7.2,1.25,251728777692.55,733.0,388.55,1103041,0,644716434.09,,20.572987721691675,-49.839145541114405,36.55,-5.73,10-Mar-2025,10-Feb-2026,https://nsearchives.nseindia.com/today/HINDZINCEQN.svg,https://nsearchives.nseindia.com/30d/HINDZINC-EQ.svg,https://nsearchives.nseindia.com/365d/HINDZINC-EQ.svg,EQ,"{'symbol': 'HINDZINC', 'companyName': 'Hindustan Zinc Limited', 'industry': 'Zinc', 'activeSeries': ['EQ', 'T0'], 'debtSeries': [], 'isFNOSec': True, 'isCASec': False, 'isSLBSec': True, 'isDebtSec': False, 'isSuspended': False, 'tempSuspendedSeries': [], 'isETFSec': False, 'isDelisted': False, 'isin': 'INE267A01025', 'slb_isin': 'INE267A01025', 'listingDate': '2006-11-21', 'isMunicipalBond': False, 'isHybridSymbol': False, 'segment': 'EQUITY', 'quotepreopenstatus': {'equityTime': '10-Mar-2026 10:13:52', 'preOpenTime': '10-Mar-2026 09:07:22', 'QuotePreOpenFlag': False}}"
0,ADANIPORTS,ADANIPORTSEQN,1450.0,1470.3,1433.5,1435.6,1421.3,14.3,1.01,1057001109653.37,1584.0,1041.5,444425,0,642118572.75,,9.368686868686874,-37.83965434469514,25.64,-7.64,10-Mar-2025,10-Feb-2026,https://nsearchives.nseindia.com/today/ADANIPORTSEQN.svg,https://nsearchives.nseindia.com/30d/ADANIPORTS-EQ.svg,https://nsearchives.nseindia.com/365d/ADANIPORTS-EQ.svg,EQ,"{'symbol': 'ADANIPORTS', 'companyName': 'Adani Ports and Special Economic Zone Limited', 'industry': 'Port & Port services', 'activeSeries': ['EQ', 'T0'], 'debtSeries': [], 'isFNOSec': True, 'isCASec': False, 'isSLBSec': True, 'isDebtSec': False, 'isSuspended': False, 'tempSuspendedSeries': [], 'isETFSec': False, 'isDelisted': False, 'isin': 'INE742F01042', 'slb_isin': 'INE742F01042', 'listingDate': '2007-11-27', 'isMunicipalBond': False, 'isHybridSymbol': False, 'segment': 'EQUITY', 'quotepreopenstatus': {'equityTime': '10-Mar-2026 10:13:52', 'preOpenTime': '10-Mar-2026 09:07:22', 'QuotePreOpenFlag': False}}"
0,BANKBARODA,BANKBARODAEQN,291.0,296.15,290.5,291.7,288.05,3.65,1.27,539380467214.8,325.5,201.11,2103824,0,614379722.72,,10.384024577572967,-45.04500024862015,42.97,0.46,10-Mar-2025,10-Feb-2026,https://nsearchives.nseindia.com/today/BANKBARODAEQN.svg,https://nsearchives.nseindia.com/30d/BANKBARODA-EQ.svg,https://nsearchives.nseindia.com/365d/BANKBARODA-EQ.svg,EQ,"{'symbol': 'BANKBARODA', 'companyName': 'Bank of Baroda', 'industry': 'Public Sector Bank', 'activeSeries': ['EQ', 'T0'], 'debtSeries': [], 'isFNOSec': True, 'isCASec': False, 'isSLBSec': True, 'isDebtSec': True, 'isSuspended': False, 'tempSuspendedSeries': ['IL'], 'isETFSec': False, 'isDelisted': False, 'isin': 'INE028A01039', 'slb_isin': 'INE028A01039', 'listingDate': '1997-02-19', 'isMunicipalBond': False, 'isHybridSymbol': False, 'segment': 'EQUITY', 'quotepreopenstatus': {'equityTime': '10-Mar-2026 10:13:52', 'preOpenTime': '10-Mar-2026 09:07:22', 'QuotePreOpenFlag': False}}"
0,PNB,PNBEQN,117.0,117.95,115.51,116.14,115.07,1.07,0.93,399169344035.99,135.15,85.7,5098435,0,593253896.6,,14.06585275619682,-35.51925320886814,31.11,-5.53,10-Mar-2025,10-Feb-2026,https://nsearchives.nseindia.com/today/PNBEQN.svg,https://nsearchives.nseindia.com/30d/PNB-EQ.svg,https://nsearchives.nseindia.com/365d/PNB-EQ.svg,EQ,"{'symbol': 'PNB', 'companyName': 'Punjab National Bank', 'industry': 'Public Sector Bank', 'activeSeries': ['EQ', 'T0'], 'debtSeries': [], 'isFNOSec': True, 'isCASec': False, 'isSLBSec': True, 'isDebtSec': False, 'isSuspended': False, 'tempSuspendedSeries': ['IL'], 'isETFSec': False, 'isDelisted': False, 'isin': 'INE160A01022', 'slb_isin': 'INE160A01022', 'listingDate': '2002-04-24', 'isMunicipalBond': False, 'isHybridSymbol': False, 'segment': 'EQUITY', 'quotepreopenstatus': {'equityTime': '10-Mar-2026 10:13:52', 'preOpenTime': '10-Mar-2026 09:07:22', 'QuotePreOpenFlag': False}}"
0,TITAN,TITANEQN,4175.1,4242.9,4175.1,4194.3,4159.2,35.1,0.84,1726642784799.14,4378.4,2925.0,138147,0,583068754.08,,4.204732322309507,-43.3948717948718,38.47,-1.82,10-Mar-2025,10-Feb-2026,https://nsearchives.nseindia.com/today/TITANEQN.svg,https://nsearchives.nseindia.com/30d/TITAN-EQ.svg,https://nsearchives.nseindia.com/365d/TITAN-EQ.svg,EQ,"{'symbol': 'TITAN', 'companyName': 'Titan Company Limited', 'industry': 'Gems Jewellery And Watches', 'activeSeries': ['EQ', 'T0'], 'debtSeries': [], 'isFNOSec': True, 'isCASec': False, 'isSLBSec': True, 'isDebtSec': False, 'isSuspended': False, 'tempSuspendedSeries': ['N1', 'IL'], 'isETFSec': False, 'isDelisted': False, 'isin': 'INE280A01028', 'slb_isin': 'INE280A01028', 'listingDate': '2004-09-24', 'isMunicipalBond': False, 'isHybridSymbol': False, 'segment': 'EQUITY', 'quotepreopenstatus': {'equityTime': '10-Mar-2026 10:13:52', 'preOpenTime': '10-Mar-2026 09:07:22', 'QuotePreOpenFlag': False}}"
0,DMART,DMARTEQN,3993.0,4000.0,3916.9,3930.3,3966.2,-35.9,-0.91,577129852257.13,4949.5,3529.0,144797,0,574554496.0,,20.59197898777654,-11.371493340889774,8.94,-1.9,10-Mar-2025,10-Feb-2026,https://nsearchives.nseindia.com/today/DMARTEQN.svg,https://nsearchives.nseindia.com/30d/DMART-EQ.svg,https://nsearchives.nseindia.com/365d/DMART-EQ.svg,EQ,"{'symbol': 'DMART', 'companyName': 'Avenue Supermarts Limited', 'industry': 'Diversified Retail', 'activeSeries': ['EQ', 'T0'], 'debtSeries': [], 'isFNOSec': True, 'isCASec': False, 'isSLBSec': True, 'isDebtSec': False, 'isSuspended': False, 'tempSuspendedSeries': [], 'isETFSec': False, 'isDelisted': False, 'isin': 'INE192R01011', 'slb_isin': 'INE192R01011', 'listingDate': '2017-03-21', 'isMunicipalBond': False, 'isHybridSymbol': False, 'segment': 'EQUITY', 'quotepreopenstatus': {'equityTime': '10-Mar-2026 10:13:52', 'preOpenTime': '10-Mar-2026 09:07:22', 'QuotePreOpenFlag': False}}"
0,TVSMOTOR,TVSMOTOREQN,3708.0,3714.0,3661.5,3699.3,3627.8,71.5,1.97,4330940914952.46,3970.0,2218.8,154686,0,571376053.08,,6.81863979848866,-66.72525689561925,63.88,-1.68,10-Mar-2025,10-Feb-2026,https://nsearchives.nseindia.com/today/TVSMOTOREQN.svg,https://nsearchives.nseindia.com/30d/TVSMOTOR-EQ.svg,https://nsearchives.nseindia.com/365d/TVSMOTOR-EQ.svg,EQ,"{'symbol': 'TVSMOTOR', 'companyName': 'TVS Motor Company Limited', 'industry': '2/3 Wheelers', 'activeSeries': ['EQ'], 'debtSeries': [], 'isFNOSec': True, 'isCASec': False, 'isSLBSec': True, 'isDebtSec': False, 'isSuspended': False, 'tempSuspendedSeries': [], 'isETFSec': False, 'isDelisted': False, 'isin': 'INE494B01023', 'slb_isin': 'INE494B01023', 'listingDate': '2000-08-02', 'isMunicipalBond': False, 'isHybridSymbol': False, 'segment': 'EQUITY', 'quotepreopenstatus': {'equityTime': '10-Mar-2026 10:13:52', 'preOpenTime': '10-Mar-2026 09:07:22', 'QuotePreOpenFlag': False}}"
0,DLF,DLFEQN,580.2,586.15,575.25,578.2,574.95,3.25,0.57,370015721437.8,886.8,553.55,957857,0,555260124.33,,34.79927830401443,-4.453075602926582,-10.64,-13.93,10-Mar-2025,10-Feb-2026,https://nsearchives.nseindia.com/today/DLFEQN.svg,https://nsearchives.nseindia.com/30d/DLF-EQ.svg,https://nsearchives.nseindia.com/365d/DLF-EQ.svg,EQ,"{'symbol': 'DLF', 'companyName': 'DLF Limited', 'industry': 'Residential Commercial Projects', 'activeSeries': ['EQ'], 'debtSeries': [], 'isFNOSec': True, 'isCASec': False, 'isSLBSec': True, 'isDebtSec': False, 'isSuspended': False, 'tempSuspendedSeries': [], 'isETFSec': False, 'isDelisted': False, 'isin': 'INE271C01023', 'slb_isin': 'INE271C01023', 'listingDate': '2007-07-05', 'isMunicipalBond': False, 'isHybridSymbol': False, 'segment': 'EQUITY', 'quotepreopenstatus': {'equityTime': '10-Mar-2026 10:13:52', 'preOpenTime': '10-Mar-2026 09:07:22', 'QuotePreOpenFlag': False}}"
0,ADANIPOWER,ADANIPOWEREQN,141.5,141.5,138.82,138.97,139.11,-0.14,-0.1,546676760145.01,182.7,92.4,3913031,0,546180866.98,,23.93541324575807,-50.40043290043289,37.51,-6.81,10-Mar-2025,10-Feb-2026,https://nsearchives.nseindia.com/today/ADANIPOWEREQN.svg,https://nsearchives.nseindia.com/30d/ADANIPOWER-EQ.svg,https://nsearchives.nseindia.com/365d/ADANIPOWER-EQ.svg,EQ,"{'symbol': 'ADANIPOWER', 'companyName': 'Adani Power Limited', 'industry': 'Integrated Power Utilities', 'activeSeries': ['EQ', 'T0'], 'debtSeries': [], 'isFNOSec': False, 'isCASec': False, 'isSLBSec': True, 'isDebtSec': False, 'isSuspended': False, 'tempSuspendedSeries': [], 'isETFSec': False, 'isDelisted': False, 'isin': 'INE814H01029', 'slb_isin': 'INE814H01029', 'listingDate': '2009-08-20', 'isMunicipalBond': False, 'isHybridSymbol': False, 'segment': 'EQUITY', 'quotepreopenstatus': {'equityTime': '10-Mar-2026 10:13:52', 'preOpenTime': '10-Mar-2026 09:07:22', 'QuotePreOpenFlag': False}}"
0,EICHERMOT,EICHERMOTEQN,7380.0,7437.0,7338.5,7374.0,7266.0,108.0,1.49,1012631553118.34,8230.0,4912.05,73080,0,539779111.2,,10.40097205346294,-50.12062173634225,47.9,1.17,10-Mar-2025,10-Feb-2026,https://nsearchives.nseindia.com/today/EICHERMOTEQN.svg,https://nsearchives.nseindia.com/30d/EICHERMOT-EQ.svg,https://nsearchives.nseindia.com/365d/EICHERMOT-EQ.svg,EQ,"{'symbol': 'EICHERMOT', 'companyName': 'Eicher Motors Limited', 'industry': '2/3 Wheelers', 'activeSeries': ['EQ'], 'debtSeries': [], 'isFNOSec': True, 'isCASec': False, 'isSLBSec': True, 'isDebtSec': False, 'isSuspended': False, 'tempSuspendedSeries': [], 'isETFSec': False, 'isDelisted': False, 'isin': 'INE066A01021', 'slb_isin': 'INE066A01021', 'listingDate': '2004-09-07', 'isMunicipalBond': False, 'isHybridSymbol': False, 'segment': 'EQUITY', 'quotepreopenstatus': {'equityTime': '10-Mar-2026 10:13:52', 'preOpenTime': '10-Mar-2026 09:07:22', 'QuotePreOpenFlag': False}}"
0,RECLTD,RECLTDEQN,332.8,332.8,326.7,328.85,324.4,4.45,1.37,409536571670.27,450.0,321.0,1607055,0,528913941.6,,26.922222222222217,-2.445482866043621,-16.62,-7.62,10-Mar-2025,10-Feb-2026,https://nsearchives.nseindia.com/today/RECLTDEQN.svg,https://nsearchives.nseindia.com/30d/RECLTD-EQ.svg,https://nsearchives.nseindia.com/365d/RECLTD-EQ.svg,EQ,"{'symbol': 'RECLTD', 'companyName': 'REC Limited', 'industry': 'Financial Institution', 'activeSeries': ['EQ'], 'debtSeries': [], 'isFNOSec': True, 'isCASec': False, 'isSLBSec': True, 'isDebtSec': True, 'isSuspended': False, 'tempSuspendedSeries': ['N1', 'N3', 'N5', 'N8', 'NB', 'NE', 'IL'], 'isETFSec': False, 'isDelisted': False, 'isin': 'INE020B01018', 'slb_isin': 'INE020B01018', 'listingDate': '2008-03-12', 'isMunicipalBond': False, 'isHybridSymbol': False, 'segment': 'EQUITY', 'quotepreopenstatus': {'equityTime': '10-Mar-2026 10:13:52', 'preOpenTime': '10-Mar-2026 09:07:22', 'QuotePreOpenFlag': False}}"
0,WIPRO,WIPROEQN,200.5,200.58,197.42,197.94,198.75,-0.81,-0.41,563799737066.79,285.65,193.03,2600475,0,516662373.0,,30.705408716961312,-2.5436460653784367,-29.49,-14.44,10-Mar-2025,10-Feb-2026,https://nsearchives.nseindia.com/today/WIPROEQN.svg,https://nsearchives.nseindia.com/30d/WIPRO-EQ.svg,https://nsearchives.nseindia.com/365d/WIPRO-EQ.svg,EQ,"{'symbol': 'WIPRO', 'companyName': 'Wipro Limited', 'industry': 'Computers - Software & Consulting', 'activeSeries': ['EQ', 'T0'], 'debtSeries': [], 'isFNOSec': True, 'isCASec': False, 'isSLBSec': True, 'isDebtSec': False, 'isSuspended': False, 'tempSuspendedSeries': [], 'isETFSec': False, 'isDelisted': False, 'isin': 'INE075A01022', 'slb_isin': 'INE075A01022', 'listingDate': '1995-11-08', 'isMunicipalBond': False, 'isHybridSymbol': False, 'segment': 'EQUITY', 'quotepreopenstatus': {'equityTime': '10-Mar-2026 10:13:52', 'preOpenTime': '10-Mar-2026 09:07:22', 'QuotePreOpenFlag': False}}"
0,HCLTECH,HCLTECHEQN,1361.0,1364.2,1345.0,1352.0,1358.6,-6.6,-0.49,1422507302966.18,1780.1,1302.75,380777,0,515316937.41,,24.04921071849896,-3.7804644022260603,-12.72,-14.04,10-Mar-2025,10-Feb-2026,https://nsearchives.nseindia.com/today/HCLTECHEQN.svg,https://nsearchives.nseindia.com/30d/HCLTECH-EQ.svg,https://nsearchives.nseindia.com/365d/HCLTECH-EQ.svg,EQ,"{'symbol': 'HCLTECH', 'companyName': 'HCL Technologies Limited', 'industry': 'Computers - Software & Consulting', 'activeSeries': ['EQ', 'T0'], 'debtSeries': [], 'isFNOSec': True, 'isCASec': False, 'isSLBSec': True, 'isDebtSec': False, 'isSuspended': False, 'tempSuspendedSeries': [], 'isETFSec': False, 'isDelisted': False, 'isin': 'INE860A01027', 'slb_isin': 'INE860A01027', 'listingDate': '2000-01-06', 'isMunicipalBond': False, 'isHybridSymbol': False, 'segment': 'EQUITY', 'quotepreopenstatus': {'equityTime': '10-Mar-2026 10:13:52', 'preOpenTime': '10-Mar-2026 09:07:22', 'QuotePreOpenFlag': False}}"
0,CGPOWER,CGPOWEREQN,706.0,718.8,703.3,712.25,697.55,14.7,2.11,487722011316.07,797.55,517.7,722520,0,514932778.8,,10.695254216036608,-37.57967935097546,19.36,4.52,10-Mar-2025,10-Feb-2026,https://nsearchives.nseindia.com/today/CGPOWEREQN.svg,https://nsearchives.nseindia.com/30d/CGPOWER-EQ.svg,https://nsearchives.nseindia.com/365d/CGPOWER-EQ.svg,EQ,"{'symbol': 'CGPOWER', 'companyName': 'CG Power and Industrial Solutions Limited', 'industry': 'Heavy Electrical Equipment', 'activeSeries': ['EQ', 'T0'], 'debtSeries': [], 'isFNOSec': True, 'isCASec': False, 'isSLBSec': True, 'isDebtSec': False, 'isSuspended': False, 'tempSuspendedSeries': ['BE'], 'isETFSec': False, 'isDelisted': False, 'isin': 'INE067A01029', 'slb_isin': 'INE067A01029', 'listingDate': '1995-03-01', 'isMunicipalBond': False, 'isHybridSymbol': False, 'segment': 'EQUITY', 'quotepreopenstatus': {'equityTime': '10-Mar-2026 10:13:52', 'preOpenTime': '10-Mar-2026 09:07:22', 'QuotePreOpenFlag': False}}"
0,ADANIENSOL,ADANIENSOLEQN,993.1,1001.3,980.7,987.7,981.4,6.3,0.64,341444528367.1,1067.7,738.0,506733,0,501164004.33,,7.492741406762199,-33.834688346883475,30.0,-2.95,10-Mar-2025,10-Feb-2026,https://nsearchives.nseindia.com/today/ADANIENSOLEQN.svg,https://nsearchives.nseindia.com/30d/ADANIENSOL-EQ.svg,https://nsearchives.nseindia.com/365d/ADANIENSOL-EQ.svg,EQ,"{'symbol': 'ADANIENSOL', 'companyName': 'Adani Energy Solutions Limited', 'industry': 'Power Distribution', 'activeSeries': ['EQ'], 'debtSeries': [], 'isFNOSec': True, 'isCASec': False, 'isSLBSec': True, 'isDebtSec': False, 'isSuspended': False, 'tempSuspendedSeries': [], 'isETFSec': False, 'isDelisted': False, 'isin': 'INE931S01010', 'slb_isin': 'INE931S01010', 'listingDate': '2015-07-31', 'isMunicipalBond': False, 'isHybridSymbol': False, 'segment': 'EQUITY', 'quotepreopenstatus': {'equityTime': '10-Mar-2026 10:13:52', 'preOpenTime': '10-Mar-2026 09:07:22', 'QuotePreOpenFlag': False}}"
0,APOLLOHOSP,APOLLOHOSPEQN,7865.0,7870.0,7801.5,7820.0,7779.0,41.0,0.53,803378029520.17,8099.5,6002.0,60372,0,472741134.84,,3.4508302981665535,-30.28990336554482,27.13,8.3,10-Mar-2025,10-Feb-2026,https://nsearchives.nseindia.com/today/APOLLOHOSPEQN.svg,https://nsearchives.nseindia.com/30d/APOLLOHOSP-EQ.svg,https://nsearchives.nseindia.com/365d/APOLLOHOSP-EQ.svg,EQ,"{'symbol': 'APOLLOHOSP', 'companyName': 'Apollo Hospitals Enterprise Limited', 'industry': 'Hospital', 'activeSeries': ['EQ'], 'debtSeries': [], 'isFNOSec': True, 'isCASec': False, 'isSLBSec': True, 'isDebtSec': False, 'isSuspended': False, 'tempSuspendedSeries': [], 'isETFSec': False, 'isDelisted': False, 'isin': 'INE437A01024', 'slb_isin': 'INE437A01024', 'listingDate': '1996-01-10', 'isMunicipalBond': False, 'isHybridSymbol': False, 'segment': 'EQUITY', 'quotepreopenstatus': {'equityTime': '10-Mar-2026 10:13:52', 'preOpenTime': '10-Mar-2026 09:07:22', 'QuotePreOpenFlag': False}}"
0,POWERGRID,POWERGRIDEQN,298.15,298.15,293.75,295.35,295.2,0.15,0.05,1334048175571.36,322.0,250.0,1559254,0,460463298.74,,8.276397515527943,-18.140000000000008,8.79,0.27,10-Mar-2025,10-Feb-2026,https://nsearchives.nseindia.com/today/POWERGRIDEQN.svg,https://nsearchives.nseindia.com/30d/POWERGRID-EQ.svg,https://nsearchives.nseindia.com/365d/POWERGRID-EQ.svg,EQ,"{'symbol': 'POWERGRID', 'companyName': 'Power Grid Corporation of India Limited', 'industry': 'Power - Transmission', 'activeSeries': ['EQ'], 'debtSeries': [], 'isFNOSec': True, 'isCASec': False, 'isSLBSec': True, 'isDebtSec': True, 'isSuspended': False, 'tempSuspendedSeries': ['IL'], 'isETFSec': False, 'isDelisted': False, 'isin': 'INE752E01010', 'slb_isin': 'INE752E01010', 'listingDate': '2007-10-05', 'isMunicipalBond': False, 'isHybridSymbol': False, 'segment': 'EQUITY', 'quotepreopenstatus': {'equityTime': '10-Mar-2026 10:13:52', 'preOpenTime': '10-Mar-2026 09:07:22', 'QuotePreOpenFlag': False}}"
0,MOTHERSON,MOTHERSONEQN,121.0,122.8,119.51,120.67,117.98,2.69,2.28,534454155981.81,136.15,71.5,3725773,0,450483213.43,,11.369812706573635,-68.76923076923077,44.09,-6.63,10-Mar-2025,10-Feb-2026,https://nsearchives.nseindia.com/today/MOTHERSONEQN.svg,https://nsearchives.nseindia.com/30d/MOTHERSON-EQ.svg,https://nsearchives.nseindia.com/365d/MOTHERSON-EQ.svg,EQ,"{'symbol': 'MOTHERSON', 'companyName': 'Samvardhana Motherson International Limited', 'industry': 'Auto Components & Equipments', 'activeSeries': ['EQ', 'T0'], 'debtSeries': ['D1'], 'isFNOSec': True, 'isCASec': False, 'isSLBSec': True, 'isDebtSec': True, 'isSuspended': False, 'tempSuspendedSeries': [], 'isETFSec': False, 'isDelisted': False, 'isin': 'INE775A01035', 'slb_isin': 'INE775A01035', 'listingDate': '1996-08-14', 'isMunicipalBond': False, 'isHybridSymbol': False, 'segment': 'EQUITY', 'quotepreopenstatus': {'equityTime': '10-Mar-2026 10:13:52', 'preOpenTime': '10-Mar-2026 09:07:22', 'QuotePreOpenFlag': False}}"
0,INDHOTEL,INDHOTELEQN,612.25,622.4,612.25,618.4,611.7,6.7,1.1,542089521478.92,858.0,597.0,727138,0,449713038.86,,27.925407925407928,-3.5845896147403646,-16.37,-11.79,10-Mar-2025,10-Feb-2026,https://nsearchives.nseindia.com/today/INDHOTELEQN.svg,https://nsearchives.nseindia.com/30d/INDHOTEL-EQ.svg,https://nsearchives.nseindia.com/365d/INDHOTEL-EQ.svg,EQ,"{'symbol': 'INDHOTEL', 'companyName': 'The Indian Hotels Company Limited', 'industry': 'Hotels & Resorts', 'activeSeries': ['EQ', 'T0'], 'debtSeries': [], 'isFNOSec': True, 'isCASec': False, 'isSLBSec': True, 'isDebtSec': False, 'isSuspended': False, 'tempSuspendedSeries': ['D1', 'N4', 'W1'], 'isETFSec': False, 'isDelisted': False, 'isin': 'INE053A01029', 'slb_isin': 'INE053A01029', 'listingDate': '1996-07-03', 'isMunicipalBond': False, 'isHybridSymbol': False, 'segment': 'EQUITY', 'quotepreopenstatus': {'equityTime': '10-Mar-2026 10:13:52', 'preOpenTime': '10-Mar-2026 09:07:22', 'QuotePreOpenFlag': False}}"
0,DIVISLAB,DIVISLABEQN,6364.5,6479.0,6364.5,6425.0,6330.0,95.0,1.5,814355007001.48,7071.5,4955.0,68301,0,440130277.98,,9.142331895637417,-29.667003027245208,16.53,4.05,10-Mar-2025,10-Feb-2026,https://nsearchives.nseindia.com/today/DIVISLABEQN.svg,https://nsearchives.nseindia.com/30d/DIVISLAB-EQ.svg,https://nsearchives.nseindia.com/365d/DIVISLAB-EQ.svg,EQ,"{'symbol': 'DIVISLAB', 'companyName': ""Divi's Laboratories Limited"", 'industry': 'Pharmaceuticals', 'activeSeries': ['EQ', 'T0'], 'debtSeries': [], 'isFNOSec': True, 'isCASec': False, 'isSLBSec': True, 'isDebtSec': False, 'isSuspended': False, 'tempSuspendedSeries': [], 'isETFSec': False, 'isDelisted': False, 'isin': 'INE361B01024', 'slb_isin': 'INE361B01024', 'listingDate': '2003-03-12', 'isMunicipalBond': False, 'isHybridSymbol': False, 'segment': 'EQUITY', 'quotepreopenstatus': {'equityTime': '10-Mar-2026 10:13:52', 'preOpenTime': '10-Mar-2026 09:07:22', 'QuotePreOpenFlag': False}}"
0,TATAPOWER,TATAPOWEREQN,375.9,380.6,375.9,380.35,372.9,7.45,2.0,636855532985.81,416.8,335.0,1090288,0,412281504.32,,8.745201535508635,-13.537313432835827,7.94,2.84,10-Mar-2025,10-Feb-2026,https://nsearchives.nseindia.com/today/TATAPOWEREQN.svg,https://nsearchives.nseindia.com/30d/TATAPOWER-EQ.svg,https://nsearchives.nseindia.com/365d/TATAPOWER-EQ.svg,EQ,"{'symbol': 'TATAPOWER', 'companyName': 'Tata Power Company Limited', 'industry': 'Integrated Power Utilities', 'activeSeries': ['EQ', 'T0'], 'debtSeries': [], 'isFNOSec': True, 'isCASec': False, 'isSLBSec': True, 'isDebtSec': False, 'isSuspended': False, 'tempSuspendedSeries': [], 'isETFSec': False, 'isDelisted': False, 'isin': 'INE245A01021', 'slb_isin': 'INE245A01021', 'listingDate': '1996-04-03', 'isMunicipalBond': False, 'isHybridSymbol': False, 'segment': 'EQUITY', 'quotepreopenstatus': {'equityTime': '10-Mar-2026 10:13:52', 'preOpenTime': '10-Mar-2026 09:07:22', 'QuotePreOpenFlag': False}}"
0,DRREDDY,DRREDDYEQN,1288.0,1316.9,1288.0,1314.6,1287.0,27.6,2.14,798934732726.53,1379.7,1020.0,285599,0,373612043.83,,4.718417047184181,-28.882352941176464,17.43,4.74,10-Mar-2025,10-Feb-2026,https://nsearchives.nseindia.com/today/DRREDDYEQN.svg,https://nsearchives.nseindia.com/30d/DRREDDY-EQ.svg,https://nsearchives.nseindia.com/365d/DRREDDY-EQ.svg,EQ,"{'symbol': 'DRREDDY', 'companyName': ""Dr. Reddy's Laboratories Limited"", 'industry': 'Pharmaceuticals', 'activeSeries': ['EQ', 'T0'], 'debtSeries': [], 'isFNOSec': True, 'isCASec': False, 'isSLBSec': True, 'isDebtSec': False, 'isSuspended': False, 'tempSuspendedSeries': ['N1'], 'isETFSec': False, 'isDelisted': False, 'isin': 'INE089A01031', 'slb_isin': 'INE089A01031', 'listingDate': '2003-05-30', 'isMunicipalBond': False, 'isHybridSymbol': False, 'segment': 'EQUITY', 'quotepreopenstatus': {'equityTime': '10-Mar-2026 10:13:52', 'preOpenTime': '10-Mar-2026 09:07:22', 'QuotePreOpenFlag': False}}"
0,JINDALSTEL,JINDALSTELEQN,1154.9,1181.6,1150.5,1180.5,1144.1,36.4,3.18,439809252544.1,1272.1,770.0,301532,0,353133171.16,,7.200691769514969,-53.311688311688314,30.1,-1.14,10-Mar-2025,10-Feb-2026,https://nsearchives.nseindia.com/today/JINDALSTELEQN.svg,https://nsearchives.nseindia.com/30d/JINDALSTEL-EQ.svg,https://nsearchives.nseindia.com/365d/JINDALSTEL-EQ.svg,EQ,"{'symbol': 'JINDALSTEL', 'companyName': 'JINDAL STEEL LIMITED', 'industry': 'Iron & Steel', 'activeSeries': ['EQ'], 'debtSeries': [], 'isFNOSec': True, 'isCASec': False, 'isSLBSec': True, 'isDebtSec': False, 'isSuspended': False, 'tempSuspendedSeries': [], 'isETFSec': False, 'isDelisted': False, 'isin': 'INE749A01030', 'slb_isin': 'INE749A01030', 'listingDate': '1999-12-29', 'isMunicipalBond': False, 'isHybridSymbol': False, 'segment': 'EQUITY', 'quotepreopenstatus': {'equityTime': '10-Mar-2026 10:13:52', 'preOpenTime': '10-Mar-2026 09:07:22', 'QuotePreOpenFlag': False}}"
0,TRENT,TRENTEQN,3749.9,3749.9,3700.6,3723.0,3689.4,33.6,0.91,823758236104.81,6261.0,3580.0,91578,0,340205859.54,,40.53665548634403,-3.994413407821229,-22.43,-11.03,10-Mar-2025,10-Feb-2026,https://nsearchives.nseindia.com/today/TRENTEQN.svg,https://nsearchives.nseindia.com/30d/TRENT-EQ.svg,https://nsearchives.nseindia.com/365d/TRENT-EQ.svg,EQ,"{'symbol': 'TRENT', 'companyName': 'Trent Limited', 'industry': 'Speciality Retail', 'activeSeries': ['EQ', 'T0'], 'debtSeries': [], 'isFNOSec': True, 'isCASec': False, 'isSLBSec': True, 'isDebtSec': False, 'isSuspended': False, 'tempSuspendedSeries': ['N1', 'Q1', 'Q2', 'W1', 'IL'], 'isETFSec': False, 'isDelisted': False, 'isin': 'INE849A01020', 'slb_isin': 'INE849A01020', 'listingDate': '2004-06-07', 'isMunicipalBond': False, 'isHybridSymbol': False, 'segment': 'EQUITY', 'quotepreopenstatus': {'equityTime': '10-Mar-2026 10:13:52', 'preOpenTime': '10-Mar-2026 09:07:22', 'QuotePreOpenFlag': False}}"
0,SHREECEM,SHREECEMEQN,23925.0,24190.0,23850.0,23970.0,23590.0,380.0,1.61,319680008813.38,32490.0,23520.0,13786,0,331699293.74,,26.223453370267773,-1.913265306122449,-14.04,-9.63,10-Mar-2025,10-Feb-2026,https://nsearchives.nseindia.com/today/SHREECEMEQN.svg,https://nsearchives.nseindia.com/30d/SHREECEM-EQ.svg,https://nsearchives.nseindia.com/365d/SHREECEM-EQ.svg,EQ,"{'symbol': 'SHREECEM', 'companyName': 'SHREE CEMENT LIMITED', 'industry': 'Cement & Cement Products', 'activeSeries': ['EQ'], 'debtSeries': [], 'isFNOSec': True, 'isCASec': False, 'isSLBSec': True, 'isDebtSec': False, 'isSuspended': False, 'tempSuspendedSeries': [], 'isETFSec': False, 'isDelisted': False, 'isin': 'INE070A01015', 'slb_isin': 'INE070A01015', 'listingDate': '1995-04-26', 'isMunicipalBond': False, 'isHybridSymbol': False, 'segment': 'EQUITY', 'quotepreopenstatus': {'equityTime': '10-Mar-2026 10:13:52', 'preOpenTime': '10-Mar-2026 09:07:22', 'QuotePreOpenFlag': False}}"
0,GODREJCP,GODREJCPEQN,1111.6,1119.9,1092.6,1117.5,1080.3,37.2,3.44,448242105715.56,1309.0,1020.35,297188,0,330452252.84,,14.629488158899923,-9.521242710834516,6.99,-7.43,10-Mar-2025,10-Feb-2026,https://nsearchives.nseindia.com/today/GODREJCPEQN.svg,https://nsearchives.nseindia.com/30d/GODREJCP-EQ.svg,https://nsearchives.nseindia.com/365d/GODREJCP-EQ.svg,EQ,"{'symbol': 'GODREJCP', 'companyName': 'Godrej Consumer Products Limited', 'industry': 'Personal Care', 'activeSeries': ['EQ'], 'debtSeries': [], 'isFNOSec': True, 'isCASec': False, 'isSLBSec': True, 'isDebtSec': False, 'isSuspended': False, 'tempSuspendedSeries': [], 'isETFSec': False, 'isDelisted': False, 'isin': 'INE102D01028', 'slb_isin': 'INE102D01028', 'listingDate': '2001-06-20', 'isMunicipalBond': False, 'isHybridSymbol': False, 'segment': 'EQUITY', 'quotepreopenstatus': {'equityTime': '10-Mar-2026 10:13:52', 'preOpenTime': '10-Mar-2026 09:07:22', 'QuotePreOpenFlag': False}}"
0,SIEMENS,SIEMENSEQN,3265.0,3333.0,3264.1,3287.2,3228.9,58.3,1.81,289804361822.57,5520.0,2450.0,98087,0,324834717.9,,40.44927536231884,-34.171428571428564,-33.84,5.77,10-Mar-2025,10-Feb-2026,https://nsearchives.nseindia.com/today/SIEMENSEQN.svg,https://nsearchives.nseindia.com/30d/SIEMENS-EQ.svg,https://nsearchives.nseindia.com/365d/SIEMENS-EQ.svg,EQ,"{'symbol': 'SIEMENS', 'companyName': 'Siemens Limited', 'industry': 'Heavy Electrical Equipment', 'activeSeries': ['EQ'], 'debtSeries': [], 'isFNOSec': True, 'isCASec': False, 'isSLBSec': True, 'isDebtSec': False, 'isSuspended': False, 'tempSuspendedSeries': [], 'isETFSec': False, 'isDelisted': False, 'isin': 'INE003A01024', 'slb_isin': 'INE003A01024', 'listingDate': '1995-09-06', 'isMunicipalBond': False, 'isHybridSymbol': False, 'segment': 'EQUITY', 'quotepreopenstatus': {'equityTime': '10-Mar-2026 10:13:52', 'preOpenTime': '10-Mar-2026 09:07:22', 'QuotePreOpenFlag': False}}"
0,AMBUJACEM,AMBUJACEMEQN,459.1,465.7,454.1,458.3,451.95,6.35,1.41,278681406156.46,624.95,443.25,703922,0,323163550.98,,26.666133290663257,-3.3953750705019767,-6.39,-14.89,10-Mar-2025,10-Feb-2026,https://nsearchives.nseindia.com/today/AMBUJACEMEQN.svg,https://nsearchives.nseindia.com/30d/AMBUJACEM-EQ.svg,https://nsearchives.nseindia.com/365d/AMBUJACEM-EQ.svg,EQ,"{'symbol': 'AMBUJACEM', 'companyName': 'Ambuja Cements Limited', 'industry': 'Cement & Cement Products', 'activeSeries': ['EQ', 'T0'], 'debtSeries': [], 'isFNOSec': True, 'isCASec': False, 'isSLBSec': True, 'isDebtSec': False, 'isSuspended': False, 'tempSuspendedSeries': [], 'isETFSec': False, 'isDelisted': False, 'isin': 'INE079A01024', 'slb_isin': 'INE079A01024', 'listingDate': '1998-02-18', 'isMunicipalBond': False, 'isHybridSymbol': False, 'segment': 'EQUITY', 'quotepreopenstatus': {'equityTime': '10-Mar-2026 10:13:52', 'preOpenTime': '10-Mar-2026 09:07:22', 'QuotePreOpenFlag': False}}"
0,CHOLAFIN,CHOLAFINEQN,1606.0,1628.4,1593.0,1606.4,1583.0,23.4,1.48,683622968330.68,1831.5,1358.65,200035,0,321750296.45,,12.290472290472286,-18.235012696426598,13.16,-6.95,10-Mar-2025,10-Feb-2026,https://nsearchives.nseindia.com/today/CHOLAFINEQN.svg,https://nsearchives.nseindia.com/30d/CHOLAFIN-EQ.svg,https://nsearchives.nseindia.com/365d/CHOLAFIN-EQ.svg,EQ,"{'symbol': 'CHOLAFIN', 'companyName': 'Cholamandalam Investment and Finance Company Limited', 'industry': 'Non Banking Financial Company (NBFC)', 'activeSeries': ['EQ'], 'debtSeries': ['D1'], 'isFNOSec': True, 'isCASec': False, 'isSLBSec': True, 'isDebtSec': True, 'isSuspended': False, 'tempSuspendedSeries': ['W1', 'BE'], 'isETFSec': False, 'isDelisted': False, 'isin': 'INE121A01024', 'slb_isin': 'INE121A01024', 'listingDate': '1996-05-15', 'isMunicipalBond': False, 'isHybridSymbol': False, 'segment': 'EQUITY', 'quotepreopenstatus': {'equityTime': '10-Mar-2026 10:13:52', 'preOpenTime': '10-Mar-2026 09:07:22', 'QuotePreOpenFlag': False}}"
0,BRITANNIA,BRITANNIAEQN,5911.0,5993.5,5911.0,5973.5,5890.0,83.5,1.42,702854437310.14,6336.0,4600.0,53186,0,317288529.04,,5.721275252525253,-29.858695652173914,26.2,1.8,10-Mar-2025,10-Feb-2026,https://nsearchives.nseindia.com/today/BRITANNIAEQN.svg,https://nsearchives.nseindia.com/30d/BRITANNIA-EQ.svg,https://nsearchives.nseindia.com/365d/BRITANNIA-EQ.svg,EQ,"{'symbol': 'BRITANNIA', 'companyName': 'Britannia Industries Limited', 'industry': 'Packaged Foods', 'activeSeries': ['EQ'], 'debtSeries': [], 'isFNOSec': True, 'isCASec': False, 'isSLBSec': True, 'isDebtSec': False, 'isSuspended': False, 'tempSuspendedSeries': ['N1', 'N2'], 'isETFSec': False, 'isDelisted': False, 'isin': 'INE216A01030', 'slb_isin': 'INE216A01030', 'listingDate': '1998-11-05', 'isMunicipalBond': False, 'isHybridSymbol': False, 'segment': 'EQUITY', 'quotepreopenstatus': {'equityTime': '10-Mar-2026 10:13:52', 'preOpenTime': '10-Mar-2026 09:07:22', 'QuotePreOpenFlag': False}}"
0,GRASIM,GRASIMEQN,2701.0,2724.1,2694.2,2714.7,2681.2,33.5,1.25,1034295950095.78,2979.0,2363.3,115239,0,312123679.11,,8.872104733131929,-14.86903905555789,13.87,-8.1,10-Mar-2025,10-Feb-2026,https://nsearchives.nseindia.com/today/GRASIMEQN.svg,https://nsearchives.nseindia.com/30d/GRASIM-EQ.svg,https://nsearchives.nseindia.com/365d/GRASIM-EQ.svg,EQ,"{'symbol': 'GRASIM', 'companyName': 'Grasim Industries Limited', 'industry': 'Cement & Cement Products', 'activeSeries': ['EQ'], 'debtSeries': [], 'isFNOSec': True, 'isCASec': False, 'isSLBSec': True, 'isDebtSec': False, 'isSuspended': False, 'tempSuspendedSeries': ['IL'], 'isETFSec': False, 'isDelisted': False, 'isin': 'INE047A01021', 'slb_isin': 'INE047A01021', 'listingDate': '1995-05-10', 'isMunicipalBond': False, 'isHybridSymbol': False, 'segment': 'EQUITY', 'quotepreopenstatus': {'equityTime': '10-Mar-2026 10:13:52', 'preOpenTime': '10-Mar-2026 09:07:22', 'QuotePreOpenFlag': False}}"
0,TORNTPHARM,TORNTPHARMEQN,4393.7,4434.9,4389.0,4421.3,4373.7,47.6,1.09,461091268493.24,4470.0,3027.65,70272,0,310373856.0,,1.0894854586129714,-46.03074992155632,43.89,8.32,10-Mar-2025,10-Feb-2026,https://nsearchives.nseindia.com/today/TORNTPHARMEQN.svg,https://nsearchives.nseindia.com/30d/TORNTPHARM-EQ.svg,https://nsearchives.nseindia.com/365d/TORNTPHARM-EQ.svg,EQ,"{'symbol': 'TORNTPHARM', 'companyName': 'Torrent Pharmaceuticals Limited', 'industry': 'Pharmaceuticals', 'activeSeries': ['EQ'], 'debtSeries': [], 'isFNOSec': True, 'isCASec': False, 'isSLBSec': True, 'isDebtSec': True, 'isSuspended': False, 'tempSuspendedSeries': [], 'isETFSec': False, 'isDelisted': False, 'isin': 'INE685A01028', 'slb_isin': 'INE685A01028', 'listingDate': '2002-11-25', 'isMunicipalBond': False, 'isHybridSymbol': False, 'segment': 'EQUITY', 'quotepreopenstatus': {'equityTime': '10-Mar-2026 10:13:52', 'preOpenTime': '10-Mar-2026 09:07:22', 'QuotePreOpenFlag': False}}"
0,MAXHEALTH,MAXHEALTHEQN,1051.1,1055.0,1037.0,1037.9,1041.5,-3.6,-0.35,770022043196.56,1314.3,933.8,295421,0,307997071.97,,21.03020619341093,-11.147997429856517,7.59,1.57,10-Mar-2025,10-Feb-2026,https://nsearchives.nseindia.com/today/MAXHEALTHEQN.svg,https://nsearchives.nseindia.com/30d/MAXHEALTH-EQ.svg,https://nsearchives.nseindia.com/365d/MAXHEALTH-EQ.svg,EQ,"{'symbol': 'MAXHEALTH', 'companyName': 'Max Healthcare Institute Limited', 'industry': 'Hospital', 'activeSeries': ['EQ', 'T0'], 'debtSeries': [], 'isFNOSec': True, 'isCASec': False, 'isSLBSec': True, 'isDebtSec': False, 'isSuspended': False, 'tempSuspendedSeries': [], 'isETFSec': False, 'isDelisted': False, 'isin': 'INE027H01010', 'slb_isin': 'INE027H01010', 'listingDate': '2020-08-21', 'isMunicipalBond': False, 'isHybridSymbol': False, 'segment': 'EQUITY', 'quotepreopenstatus': {'equityTime': '10-Mar-2026 10:13:52', 'preOpenTime': '10-Mar-2026 09:07:22', 'QuotePreOpenFlag': False}}"
0,HDFCLIFE,HDFCLIFEEQN,653.95,660.25,653.4,656.6,653.75,2.85,0.44,703934141515.24,820.75,614.65,462096,0,303199669.44,,19.999999999999996,-6.825022370454738,4.83,-6.79,10-Mar-2025,10-Feb-2026,https://nsearchives.nseindia.com/today/HDFCLIFEEQN.svg,https://nsearchives.nseindia.com/30d/HDFCLIFE-EQ.svg,https://nsearchives.nseindia.com/365d/HDFCLIFE-EQ.svg,EQ,"{'symbol': 'HDFCLIFE', 'companyName': 'HDFC Life Insurance Company Limited', 'industry': 'Life Insurance', 'activeSeries': ['EQ', 'T0'], 'debtSeries': [], 'isFNOSec': True, 'isCASec': False, 'isSLBSec': True, 'isDebtSec': True, 'isSuspended': False, 'tempSuspendedSeries': [], 'isETFSec': False, 'isDelisted': False, 'isin': 'INE795G01014', 'slb_isin': 'INE795G01014', 'listingDate': '2017-11-17', 'isMunicipalBond': False, 'isHybridSymbol': False, 'segment': 'EQUITY', 'quotepreopenstatus': {'equityTime': '10-Mar-2026 10:13:52', 'preOpenTime': '10-Mar-2026 09:07:22', 'QuotePreOpenFlag': False}}"
0,IRFC,IRFCEQN,99.4,99.85,98.11,98.36,97.57,0.79,0.81,175312520271.28,148.95,95.27,2988326,0,295037425.98,,33.96441758979523,-3.2434134564920787,-17.86,-14.81,10-Mar-2025,10-Feb-2026,https://nsearchives.nseindia.com/today/IRFCEQN.svg,https://nsearchives.nseindia.com/30d/IRFC-EQ.svg,https://nsearchives.nseindia.com/365d/IRFC-EQ.svg,EQ,"{'symbol': 'IRFC', 'companyName': 'Indian Railway Finance Corporation Limited', 'industry': 'Financial Institution', 'activeSeries': ['EQ', 'T0'], 'debtSeries': [], 'isFNOSec': True, 'isCASec': False, 'isSLBSec': True, 'isDebtSec': True, 'isSuspended': False, 'tempSuspendedSeries': ['N1', 'N3', 'N5', 'N7', 'N9', 'NB', 'ND', 'U1', 'U3'], 'isETFSec': False, 'isDelisted': False, 'isin': 'INE053F01010', 'slb_isin': 'INE053F01010', 'listingDate': '2021-01-29', 'isMunicipalBond': False, 'isHybridSymbol': False, 'segment': 'EQUITY', 'quotepreopenstatus': {'equityTime': '10-Mar-2026 10:13:52', 'preOpenTime': '10-Mar-2026 09:07:22', 'QuotePreOpenFlag': False}}"
0,TECHM,TECHMEQN,1340.0,1347.9,1319.5,1326.1,1336.3,-10.2,-0.76,840027408986.31,1854.0,1209.4,220536,0,292940174.16,,28.47357065803668,-9.649412932032398,-10.82,-19.37,10-Mar-2025,10-Feb-2026,https://nsearchives.nseindia.com/today/TECHMEQN.svg,https://nsearchives.nseindia.com/30d/TECHM-EQ.svg,https://nsearchives.nseindia.com/365d/TECHM-EQ.svg,EQ,"{'symbol': 'TECHM', 'companyName': 'Tech Mahindra Limited', 'industry': 'Computers - Software & Consulting', 'activeSeries': ['EQ'], 'debtSeries': [], 'isFNOSec': True, 'isCASec': False, 'isSLBSec': True, 'isDebtSec': False, 'isSuspended': False, 'tempSuspendedSeries': [], 'isETFSec': False, 'isDelisted': False, 'isin': 'INE669C01036', 'slb_isin': 'INE669C01036', 'listingDate': '2006-08-28', 'isMunicipalBond': False, 'isHybridSymbol': False, 'segment': 'EQUITY', 'quotepreopenstatus': {'equityTime': '10-Mar-2026 10:13:52', 'preOpenTime': '10-Mar-2026 09:07:22', 'QuotePreOpenFlag': False}}"
0,HINDUNILVR,HINDUNILVREQN,2224.0,2224.0,2196.0,2203.8,2194.6,9.2,0.42,1950169132681.3,2750.0,2150.0,124615,0,275043997.25,,19.861818181818176,-2.502325581395357,-2.01,-10.23,10-Mar-2025,10-Feb-2026,https://nsearchives.nseindia.com/today/HINDUNILVREQN.svg,https://nsearchives.nseindia.com/30d/HINDUNILVR-EQ.svg,https://nsearchives.nseindia.com/365d/HINDUNILVR-EQ.svg,EQ,"{'symbol': 'HINDUNILVR', 'companyName': 'Hindustan Unilever Limited', 'industry': 'Diversified FMCG', 'activeSeries': ['EQ', 'T0'], 'debtSeries': [], 'isFNOSec': True, 'isCASec': False, 'isSLBSec': True, 'isDebtSec': False, 'isSuspended': False, 'tempSuspendedSeries': [], 'isETFSec': False, 'isDelisted': False, 'isin': 'INE030A01027', 'slb_isin': 'INE030A01027', 'listingDate': '1995-07-06', 'isMunicipalBond': False, 'isHybridSymbol': False, 'segment': 'EQUITY', 'quotepreopenstatus': {'equityTime': '10-Mar-2026 10:13:52', 'preOpenTime': '10-Mar-2026 09:07:22', 'QuotePreOpenFlag': False}}"
0,VBL,VBLEQN,444.7,444.7,439.1,440.95,437.75,3.2,0.73,601716560763.73,568.5,426.0,619240,0,273326343.6,,22.436235708003522,-3.5093896713615,-8.45,-3.35,10-Mar-2025,10-Feb-2026,https://nsearchives.nseindia.com/today/VBLEQN.svg,https://nsearchives.nseindia.com/30d/VBL-EQ.svg,https://nsearchives.nseindia.com/365d/VBL-EQ.svg,EQ,"{'symbol': 'VBL', 'companyName': 'Varun Beverages Limited', 'industry': 'Other Beverages', 'activeSeries': ['EQ', 'T0'], 'debtSeries': [], 'isFNOSec': True, 'isCASec': False, 'isSLBSec': True, 'isDebtSec': False, 'isSuspended': False, 'tempSuspendedSeries': [], 'isETFSec': False, 'isDelisted': False, 'isin': 'INE200M01039', 'slb_isin': 'INE200M01039', 'listingDate': '2016-11-08', 'isMunicipalBond': False, 'isHybridSymbol': False, 'segment': 'EQUITY', 'quotepreopenstatus': {'equityTime': '10-Mar-2026 10:13:52', 'preOpenTime': '10-Mar-2026 09:07:22', 'QuotePreOpenFlag': False}}"
0,BAJAJFINSV,BAJAJFINSVEQN,1845.1,1859.0,1840.4,1848.7,1841.5,7.2,0.39,1056307355201.81,2195.0,1788.25,145872,0,269810686.08,,15.776765375854211,-3.3803998322382243,0.44,-8.85,10-Mar-2025,10-Feb-2026,https://nsearchives.nseindia.com/today/BAJAJFINSVEQN.svg,https://nsearchives.nseindia.com/30d/BAJAJFINSV-EQ.svg,https://nsearchives.nseindia.com/365d/BAJAJFINSV-EQ.svg,EQ,"{'symbol': 'BAJAJFINSV', 'companyName': 'Bajaj Finserv Limited', 'industry': 'Holding Company', 'activeSeries': ['EQ', 'T0'], 'debtSeries': [], 'isFNOSec': True, 'isCASec': False, 'isSLBSec': True, 'isDebtSec': False, 'isSuspended': False, 'tempSuspendedSeries': [], 'isETFSec': False, 'isDelisted': False, 'isin': 'INE918I01026', 'slb_isin': 'INE918I01026', 'listingDate': '2008-05-26', 'isMunicipalBond': False, 'isHybridSymbol': False, 'segment': 'EQUITY', 'quotepreopenstatus': {'equityTime': '10-Mar-2026 10:13:52', 'preOpenTime': '10-Mar-2026 09:07:22', 'QuotePreOpenFlag': False}}"
0,ENRIN,ENRINEQN,2934.0,2980.0,2915.1,2950.7,2883.2,67.5,2.34,260208082295.09,3625.0,2115.0,81188,0,240132183.24,,18.601379310344832,-39.51300236406619,0.0,9.99,,10-Feb-2026,https://nsearchives.nseindia.com/today/ENRINEQN.svg,https://nsearchives.nseindia.com/30d/ENRIN-EQ.svg,,EQ,"{'symbol': 'ENRIN', 'companyName': 'Siemens Energy India Limited', 'industry': 'Heavy Electrical Equipment', 'activeSeries': ['EQ'], 'debtSeries': [], 'isFNOSec': False, 'isCASec': False, 'isSLBSec': True, 'isDebtSec': False, 'isSuspended': False, 'tempSuspendedSeries': [], 'isETFSec': False, 'isDelisted': False, 'isin': 'INE1NPP01017', 'slb_isin': 'INE1NPP01017', 'listingDate': '2025-06-19', 'isMunicipalBond': False, 'isHybridSymbol': False, 'segment': 'EQUITY', 'quotepreopenstatus': {'equityTime': '10-Mar-2026 10:13:52', 'preOpenTime': '10-Mar-2026 09:07:22', 'QuotePreOpenFlag': False}}"
0,JSWSTEEL,JSWSTEELEQN,1196.1,1212.8,1195.2,1202.8,1192.6,10.2,0.86,1126747719173.36,1284.7,905.2,183522,0,220494342.12,,6.375029189694099,-32.87671232876711,18.64,-3.35,10-Mar-2025,10-Feb-2026,https://nsearchives.nseindia.com/today/JSWSTEELEQN.svg,https://nsearchives.nseindia.com/30d/JSWSTEEL-EQ.svg,https://nsearchives.nseindia.com/365d/JSWSTEEL-EQ.svg,EQ,"{'symbol': 'JSWSTEEL', 'companyName': 'JSW Steel Limited', 'industry': 'Iron & Steel', 'activeSeries': ['EQ', 'T0'], 'debtSeries': [], 'isFNOSec': True, 'isCASec': False, 'isSLBSec': True, 'isDebtSec': False, 'isSuspended': False, 'tempSuspendedSeries': ['P1', 'P2'], 'isETFSec': False, 'isDelisted': False, 'isin': 'INE019A01038', 'slb_isin': 'INE019A01038', 'listingDate': '2005-03-23', 'isMunicipalBond': False, 'isHybridSymbol': False, 'segment': 'EQUITY', 'quotepreopenstatus': {'equityTime': '10-Mar-2026 10:13:52', 'preOpenTime': '10-Mar-2026 09:07:22', 'QuotePreOpenFlag': False}}"
0,PIDILITIND,PIDILITINDEQN,1415.1,1428.1,1395.6,1398.3,1386.4,11.9,0.86,433014443015.19,1574.95,1348.68,139640,0,197467716.8,,11.216229086637675,-3.6791529495506636,2.27,-5.52,10-Mar-2025,10-Feb-2026,https://nsearchives.nseindia.com/today/PIDILITINDEQN.svg,https://nsearchives.nseindia.com/30d/PIDILITIND-EQ.svg,https://nsearchives.nseindia.com/365d/PIDILITIND-EQ.svg,EQ,"{'symbol': 'PIDILITIND', 'companyName': 'Pidilite Industries Limited', 'industry': 'Specialty Chemicals', 'activeSeries': ['EQ'], 'debtSeries': [], 'isFNOSec': True, 'isCASec': False, 'isSLBSec': True, 'isDebtSec': False, 'isSuspended': False, 'tempSuspendedSeries': [], 'isETFSec': False, 'isDelisted': False, 'isin': 'INE318A01026', 'slb_isin': 'INE318A01026', 'listingDate': '1995-03-29', 'isMunicipalBond': False, 'isHybridSymbol': False, 'segment': 'EQUITY', 'quotepreopenstatus': {'equityTime': '10-Mar-2026 10:13:52', 'preOpenTime': '10-Mar-2026 09:07:22', 'QuotePreOpenFlag': False}}"
0,SBILIFE,SBILIFEEQN,1933.3,1939.8,1926.5,1930.4,1912.5,17.9,0.94,864347891441.31,2132.0,1382.65,98082,0,189541503.36,,9.455909943714818,-39.61595486927277,36.02,-4.34,10-Mar-2025,10-Feb-2026,https://nsearchives.nseindia.com/today/SBILIFEEQN.svg,https://nsearchives.nseindia.com/30d/SBILIFE-EQ.svg,https://nsearchives.nseindia.com/365d/SBILIFE-EQ.svg,EQ,"{'symbol': 'SBILIFE', 'companyName': 'SBI Life Insurance Company Limited', 'industry': 'Life Insurance', 'activeSeries': ['EQ'], 'debtSeries': [], 'isFNOSec': True, 'isCASec': False, 'isSLBSec': True, 'isDebtSec': False, 'isSuspended': False, 'tempSuspendedSeries': [], 'isETFSec': False, 'isDelisted': False, 'isin': 'INE123W01016', 'slb_isin': 'INE123W01016', 'listingDate': '2017-10-03', 'isMunicipalBond': False, 'isHybridSymbol': False, 'segment': 'EQUITY', 'quotepreopenstatus': {'equityTime': '10-Mar-2026 10:13:52', 'preOpenTime': '10-Mar-2026 09:07:22', 'QuotePreOpenFlag': False}}"
0,HAVELLS,HAVELLSEQN,1348.0,1357.8,1338.4,1357.8,1331.4,26.4,1.98,341496764550.87,1673.8,1250.1,133893,0,181188024.39,,18.879197036682996,-8.615310775137992,-7.58,-1.12,10-Mar-2025,10-Feb-2026,https://nsearchives.nseindia.com/today/HAVELLSEQN.svg,https://nsearchives.nseindia.com/30d/HAVELLS-EQ.svg,https://nsearchives.nseindia.com/365d/HAVELLS-EQ.svg,EQ,"{'symbol': 'HAVELLS', 'companyName': 'Havells India Limited', 'industry': 'Consumer Electronics', 'activeSeries': ['EQ'], 'debtSeries': [], 'isFNOSec': True, 'isCASec': False, 'isSLBSec': True, 'isDebtSec': False, 'isSuspended': False, 'tempSuspendedSeries': ['IL'], 'isETFSec': False, 'isDelisted': False, 'isin': 'INE176B01034', 'slb_isin': 'INE176B01034', 'listingDate': '2001-03-21', 'isMunicipalBond': False, 'isHybridSymbol': False, 'segment': 'EQUITY', 'quotepreopenstatus': {'equityTime': '10-Mar-2026 10:13:52', 'preOpenTime': '10-Mar-2026 09:07:22', 'QuotePreOpenFlag': False}}"
0,CIPLA,CIPLAEQN,1323.0,1328.4,1317.5,1321.7,1325.0,-3.3,-0.25,741735499735.9,1673.0,1281.7,136401,0,180444882.9,,20.998206814106393,-3.1208551143013183,-9.66,-1.53,10-Mar-2025,10-Feb-2026,https://nsearchives.nseindia.com/today/CIPLAEQN.svg,https://nsearchives.nseindia.com/30d/CIPLA-EQ.svg,https://nsearchives.nseindia.com/365d/CIPLA-EQ.svg,EQ,"{'symbol': 'CIPLA', 'companyName': 'Cipla Limited', 'industry': 'Pharmaceuticals', 'activeSeries': ['EQ', 'T0'], 'debtSeries': [], 'isFNOSec': True, 'isCASec': False, 'isSLBSec': True, 'isDebtSec': False, 'isSuspended': False, 'tempSuspendedSeries': [], 'isETFSec': False, 'isDelisted': False, 'isin': 'INE059A01026', 'slb_isin': 'INE059A01026', 'listingDate': '1995-02-08', 'isMunicipalBond': False, 'isHybridSymbol': False, 'segment': 'EQUITY', 'quotepreopenstatus': {'equityTime': '10-Mar-2026 10:13:52', 'preOpenTime': '10-Mar-2026 09:07:22', 'QuotePreOpenFlag': False}}"
0,LICI,LICIEQN,815.15,818.4,807.75,809.6,805.4,4.2,0.52,179220014137.4,980.0,731.4,201320,0,163632896.0,,17.387755102040813,-10.691823899371077,7.61,-9.25,10-Mar-2025,10-Feb-2026,https://nsearchives.nseindia.com/today/LICIEQN.svg,https://nsearchives.nseindia.com/30d/LICI-EQ.svg,https://nsearchives.nseindia.com/365d/LICI-EQ.svg,EQ,"{'symbol': 'LICI', 'companyName': 'Life Insurance Corporation Of India', 'industry': 'Life Insurance', 'activeSeries': ['EQ'], 'debtSeries': [], 'isFNOSec': True, 'isCASec': False, 'isSLBSec': True, 'isDebtSec': False, 'isSuspended': False, 'tempSuspendedSeries': [], 'isETFSec': False, 'isDelisted': False, 'isin': 'INE0J1Y01017', 'slb_isin': 'INE0J1Y01017', 'listingDate': '2022-05-17', 'isMunicipalBond': False, 'isHybridSymbol': False, 'segment': 'EQUITY', 'quotepreopenstatus': {'equityTime': '10-Mar-2026 10:13:52', 'preOpenTime': '10-Mar-2026 09:07:22', 'QuotePreOpenFlag': False}}"
0,TATACONSUM,TATACONSUMEQN,1102.4,1111.0,1100.7,1104.7,1102.5,2.2,0.2,717285466664.01,1220.9,930.1,134130,0,148248523.8,,9.517569006470639,-18.77217503494248,15.4,-4.12,10-Mar-2025,10-Feb-2026,https://nsearchives.nseindia.com/today/TATACONSUMEQN.svg,https://nsearchives.nseindia.com/30d/TATACONSUM-EQ.svg,https://nsearchives.nseindia.com/365d/TATACONSUM-EQ.svg,EQ,"{'symbol': 'TATACONSUM', 'companyName': 'TATA CONSUMER PRODUCTS LIMITED', 'industry': 'Tea & Coffee', 'activeSeries': ['EQ', 'T0'], 'debtSeries': [], 'isFNOSec': True, 'isCASec': False, 'isSLBSec': True, 'isDebtSec': False, 'isSuspended': False, 'tempSuspendedSeries': [], 'isETFSec': False, 'isDelisted': False, 'isin': 'INE192A01025', 'slb_isin': 'INE192A01025', 'listingDate': '1998-11-18', 'isMunicipalBond': False, 'isHybridSymbol': False, 'segment': 'EQUITY', 'quotepreopenstatus': {'equityTime': '10-Mar-2026 10:13:52', 'preOpenTime': '10-Mar-2026 09:07:22', 'QuotePreOpenFlag': False}}"
0,LODHA,LODHAEQN,901.4,905.5,890.0,895.65,888.85,6.8,0.77,251284591865.43,1531.0,850.45,164543,0,147746450.56,,41.49902024820379,-5.31483332353459,-16.66,-18.13,10-Mar-2025,10-Feb-2026,https://nsearchives.nseindia.com/today/LODHAEQN.svg,https://nsearchives.nseindia.com/30d/LODHA-EQ.svg,https://nsearchives.nseindia.com/365d/LODHA-EQ.svg,EQ,"{'symbol': 'LODHA', 'companyName': 'Lodha Developers Limited', 'industry': 'Residential Commercial Projects', 'activeSeries': ['EQ', 'T0'], 'debtSeries': [], 'isFNOSec': True, 'isCASec': False, 'isSLBSec': True, 'isDebtSec': True, 'isSuspended': False, 'tempSuspendedSeries': [], 'isETFSec': False, 'isDelisted': False, 'isin': 'INE670K01029', 'slb_isin': 'INE670K01029', 'listingDate': '2021-04-19', 'isMunicipalBond': False, 'isHybridSymbol': False, 'segment': 'EQUITY', 'quotepreopenstatus': {'equityTime': '10-Mar-2026 10:13:52', 'preOpenTime': '10-Mar-2026 09:07:22', 'QuotePreOpenFlag': False}}"
0,JSWENERGY,JSWENERGYEQN,480.0,489.4,478.95,486.2,478.9,7.3,1.52,261372496112.69,579.0,427.75,298837,0,144801468.35,,16.027633851468053,-13.664523670368204,-3.76,0.55,10-Mar-2025,10-Feb-2026,https://nsearchives.nseindia.com/today/JSWENERGYEQN.svg,https://nsearchives.nseindia.com/30d/JSWENERGY-EQ.svg,https://nsearchives.nseindia.com/365d/JSWENERGY-EQ.svg,EQ,"{'symbol': 'JSWENERGY', 'companyName': 'JSW Energy Limited', 'industry': 'Power Generation', 'activeSeries': ['EQ'], 'debtSeries': [], 'isFNOSec': True, 'isCASec': False, 'isSLBSec': True, 'isDebtSec': False, 'isSuspended': False, 'tempSuspendedSeries': ['BE'], 'isETFSec': False, 'isDelisted': False, 'isin': 'INE121E01018', 'slb_isin': 'INE121E01018', 'listingDate': '2010-01-04', 'isMunicipalBond': False, 'isHybridSymbol': False, 'segment': 'EQUITY', 'quotepreopenstatus': {'equityTime': '10-Mar-2026 10:13:52', 'preOpenTime': '10-Mar-2026 09:07:22', 'QuotePreOpenFlag': False}}"
0,BOSCHLTD,BOSCHLTDEQN,31940.0,32200.0,31755.0,31935.0,31600.0,335.0,1.06,276527824849.82,41945.0,25921.6,4452,0,142503622.8,,23.86458457503874,-23.19841367816802,19.18,-10.22,10-Mar-2025,10-Feb-2026,https://nsearchives.nseindia.com/today/BOSCHLTDEQN.svg,https://nsearchives.nseindia.com/30d/BOSCHLTD-EQ.svg,https://nsearchives.nseindia.com/365d/BOSCHLTD-EQ.svg,EQ,"{'symbol': 'BOSCHLTD', 'companyName': 'Bosch Limited', 'industry': 'Auto Components & Equipments', 'activeSeries': ['EQ'], 'debtSeries': [], 'isFNOSec': True, 'isCASec': False, 'isSLBSec': True, 'isDebtSec': False, 'isSuspended': False, 'tempSuspendedSeries': [], 'isETFSec': False, 'isDelisted': False, 'isin': 'INE323A01026', 'slb_isin': 'INE323A01026', 'listingDate': '2003-05-12', 'isMunicipalBond': False, 'isHybridSymbol': False, 'segment': 'EQUITY', 'quotepreopenstatus': {'equityTime': '10-Mar-2026 10:13:52', 'preOpenTime': '10-Mar-2026 09:07:22', 'QuotePreOpenFlag': False}}"
0,HYUNDAI,HYUNDAIEQN,2092.6,2109.8,2081.0,2101.3,2084.2,17.1,0.82,298790292565.02,2890.0,1541.7,67596,0,141908338.56,,27.290657439446363,-36.29759356554454,25.44,-3.68,10-Mar-2025,10-Feb-2026,https://nsearchives.nseindia.com/today/HYUNDAIEQN.svg,https://nsearchives.nseindia.com/30d/HYUNDAI-EQ.svg,https://nsearchives.nseindia.com/365d/HYUNDAI-EQ.svg,EQ,"{'symbol': 'HYUNDAI', 'companyName': 'Hyundai Motor India Limited', 'industry': 'Passenger Cars & Utility Vehicles', 'activeSeries': ['EQ', 'T0'], 'debtSeries': [], 'isFNOSec': False, 'isCASec': False, 'isSLBSec': True, 'isDebtSec': False, 'isSuspended': False, 'tempSuspendedSeries': [], 'isETFSec': False, 'isDelisted': False, 'isin': 'INE0V6F01027', 'slb_isin': 'INE0V6F01027', 'listingDate': '2024-10-22', 'isMunicipalBond': False, 'isHybridSymbol': False, 'segment': 'EQUITY', 'quotepreopenstatus': {'equityTime': '10-Mar-2026 10:13:52', 'preOpenTime': '10-Mar-2026 09:07:22', 'QuotePreOpenFlag': False}}"
0,NESTLEIND,NESTLEINDEQN,1236.9,1246.9,1233.5,1238.8,1235.8,3.0,0.24,885815476079.1,1340.4,1074.0,107725,0,133535910.0,,7.579826917338118,-15.344506517690872,10.17,-5.36,10-Mar-2025,10-Feb-2026,https://nsearchives.nseindia.com/today/NESTLEINDEQN.svg,https://nsearchives.nseindia.com/30d/NESTLEIND-EQ.svg,https://nsearchives.nseindia.com/365d/NESTLEIND-EQ.svg,EQ,"{'symbol': 'NESTLEIND', 'companyName': 'Nestle India Limited', 'industry': 'Packaged Foods', 'activeSeries': ['EQ', 'T0'], 'debtSeries': [], 'isFNOSec': True, 'isCASec': False, 'isSLBSec': True, 'isDebtSec': False, 'isSuspended': False, 'tempSuspendedSeries': [], 'isETFSec': False, 'isDelisted': False, 'isin': 'INE239A01024', 'slb_isin': 'INE239A01024', 'listingDate': '2023-08-01', 'isMunicipalBond': False, 'isHybridSymbol': False, 'segment': 'EQUITY', 'quotepreopenstatus': {'equityTime': '10-Mar-2026 10:13:52', 'preOpenTime': '10-Mar-2026 09:07:22', 'QuotePreOpenFlag': False}}"
0,BAJAJHLDNG,BAJAJHLDNGEQN,10308.0,10309.0,10115.0,10147.0,10250.0,-103.0,-1.0,437890822871.7,14763.0,10115.0,12262,0,124643352.62,,31.267357583147056,-0.31636183885318836,-12.78,-8.4,10-Mar-2025,10-Feb-2026,https://nsearchives.nseindia.com/today/BAJAJHLDNGEQN.svg,https://nsearchives.nseindia.com/30d/BAJAJHLDNG-EQ.svg,https://nsearchives.nseindia.com/365d/BAJAJHLDNG-EQ.svg,EQ,"{'symbol': 'BAJAJHLDNG', 'companyName': 'Bajaj Holdings & Investment Limited', 'industry': 'Holding Company', 'activeSeries': ['EQ'], 'debtSeries': [], 'isFNOSec': True, 'isCASec': False, 'isSLBSec': True, 'isDebtSec': False, 'isSuspended': False, 'tempSuspendedSeries': [], 'isETFSec': False, 'isDelisted': False, 'isin': 'INE118A01012', 'slb_isin': 'INE118A01012', 'listingDate': '1995-03-15', 'isMunicipalBond': False, 'isHybridSymbol': False, 'segment': 'EQUITY', 'quotepreopenstatus': {'equityTime': '10-Mar-2026 10:13:52', 'preOpenTime': '10-Mar-2026 09:07:22', 'QuotePreOpenFlag': False}}"
0,NAUKRI,NAUKRIEQN,987.4,988.0,965.6,971.0,979.3,-8.3,-0.85,376281473514.33,1550.0,948.4,117410,0,114303331.4,,37.354838709677416,-2.382960776043866,-26.31,-18.7,10-Mar-2025,10-Feb-2026,https://nsearchives.nseindia.com/today/NAUKRIEQN.svg,https://nsearchives.nseindia.com/30d/NAUKRI-EQ.svg,https://nsearchives.nseindia.com/365d/NAUKRI-EQ.svg,EQ,"{'symbol': 'NAUKRI', 'companyName': 'Info Edge (India) Limited', 'industry': 'Internet & Catalogue Retail', 'activeSeries': ['EQ'], 'debtSeries': [], 'isFNOSec': True, 'isCASec': False, 'isSLBSec': True, 'isDebtSec': False, 'isSuspended': False, 'tempSuspendedSeries': ['IL'], 'isETFSec': False, 'isDelisted': False, 'isin': 'INE663F01032', 'slb_isin': 'INE663F01032', 'listingDate': '2006-11-21', 'isMunicipalBond': False, 'isHybridSymbol': False, 'segment': 'EQUITY', 'quotepreopenstatus': {'equityTime': '10-Mar-2026 10:13:52', 'preOpenTime': '10-Mar-2026 09:07:22', 'QuotePreOpenFlag': False}}"
0,ZYDUSLIFE,ZYDUSLIFEEQN,915.0,924.6,909.0,917.5,908.85,8.65,0.95,228962649956.1,1059.05,795.0,119550,0,109880796.0,,13.365752325197107,-15.40880503144654,2.64,3.38,10-Mar-2025,10-Feb-2026,https://nsearchives.nseindia.com/today/ZYDUSLIFEEQN.svg,https://nsearchives.nseindia.com/30d/ZYDUSLIFE-EQ.svg,https://nsearchives.nseindia.com/365d/ZYDUSLIFE-EQ.svg,EQ,"{'symbol': 'ZYDUSLIFE', 'companyName': 'Zydus Lifesciences Limited', 'industry': 'Pharmaceuticals', 'activeSeries': ['EQ'], 'debtSeries': [], 'isFNOSec': True, 'isCASec': False, 'isSLBSec': True, 'isDebtSec': False, 'isSuspended': False, 'tempSuspendedSeries': [], 'isETFSec': False, 'isDelisted': False, 'isin': 'INE010B01027', 'slb_isin': 'INE010B01027', 'listingDate': '2000-04-18', 'isMunicipalBond': False, 'isHybridSymbol': False, 'segment': 'EQUITY', 'quotepreopenstatus': {'equityTime': '10-Mar-2026 10:13:52', 'preOpenTime': '10-Mar-2026 09:07:22', 'QuotePreOpenFlag': False}}"
0,BAJAJHFL,BAJAJHFLEQN,83.85,84.3,83.31,83.6,82.9,0.7,0.84,78114160563.43,136.96,81.51,1215158,0,101647966.7,,38.960280373831786,-2.5641025641025506,-27.47,-8.79,10-Mar-2025,10-Feb-2026,https://nsearchives.nseindia.com/today/BAJAJHFLEQN.svg,https://nsearchives.nseindia.com/30d/BAJAJHFL-EQ.svg,https://nsearchives.nseindia.com/365d/BAJAJHFL-EQ.svg,EQ,"{'symbol': 'BAJAJHFL', 'companyName': 'Bajaj Housing Finance Limited', 'industry': 'Housing Finance Company', 'activeSeries': ['EQ', 'T0'], 'debtSeries': [], 'isFNOSec': False, 'isCASec': False, 'isSLBSec': True, 'isDebtSec': False, 'isSuspended': False, 'tempSuspendedSeries': [], 'isETFSec': False, 'isDelisted': False, 'isin': 'INE377Y01014', 'slb_isin': 'INE377Y01014', 'listingDate': '2024-09-16', 'isMunicipalBond': False, 'isHybridSymbol': False, 'segment': 'EQUITY', 'quotepreopenstatus': {'equityTime': '10-Mar-2026 10:13:52', 'preOpenTime': '10-Mar-2026 09:07:22', 'QuotePreOpenFlag': False}}"
0,LTM,LTMEQN,4355.0,4369.0,4275.5,4287.1,4317.2,-30.1,-0.7,396280569109.81,6429.5,3802.0,21105,0,90865889.1,,33.32140912979236,-12.7590741714887,-8.2,-24.27,10-Mar-2025,10-Feb-2026,https://nsearchives.nseindia.com/today/LTMEQN.svg,https://nsearchives.nseindia.com/30d/LTM-EQ.svg,https://nsearchives.nseindia.com/365d/LTM-EQ.svg,EQ,"{'symbol': 'LTM', 'companyName': 'LTIMindtree Limited', 'industry': 'Computers - Software & Consulting', 'activeSeries': ['EQ', 'T0'], 'debtSeries': [], 'isFNOSec': True, 'isCASec': False, 'isSLBSec': True, 'isDebtSec': False, 'isSuspended': False, 'tempSuspendedSeries': [], 'isETFSec': False, 'isDelisted': False, 'isin': 'INE214T01019', 'slb_isin': 'INE214T01019', 'listingDate': '2016-07-21', 'isMunicipalBond': False, 'isHybridSymbol': False, 'segment': 'EQUITY', 'quotepreopenstatus': {'equityTime': '10-Mar-2026 10:13:52', 'preOpenTime': '10-Mar-2026 09:07:22', 'QuotePreOpenFlag': False}}"
0,UNITDSPR,UNITDSPREQN,1361.7,1368.9,1354.0,1366.0,1355.8,10.2,0.75,402657679890.48,1645.0,1276.0,43631,0,59387899.34,,16.96048632218845,-7.053291536050157,4.03,-3.11,10-Mar-2025,10-Feb-2026,https://nsearchives.nseindia.com/today/UNITDSPREQN.svg,https://nsearchives.nseindia.com/30d/UNITDSPR-EQ.svg,https://nsearchives.nseindia.com/365d/UNITDSPR-EQ.svg,EQ,"{'symbol': 'UNITDSPR', 'companyName': 'United Spirits Limited', 'industry': 'Breweries & Distilleries', 'activeSeries': ['EQ', 'T0'], 'debtSeries': [], 'isFNOSec': True, 'isCASec': False, 'isSLBSec': True, 'isDebtSec': False, 'isSuspended': False, 'tempSuspendedSeries': [], 'isETFSec': False, 'isDelisted': False, 'isin': 'INE854D01024', 'slb_isin': 'INE854D01024', 'listingDate': '2001-09-27', 'isMunicipalBond': False, 'isHybridSymbol': False, 'segment': 'EQUITY', 'quotepreopenstatus': {'equityTime': '10-Mar-2026 10:13:52', 'preOpenTime': '10-Mar-2026 09:07:22', 'QuotePreOpenFlag': False}}"
0,ICICIGI,ICICIGIEQN,1908.0,1908.0,1888.6,1890.0,1889.7,0.3,0.02,456556229574.94,2068.7,1658.0,25818,0,48960480.66,,8.638275245323142,-13.99276236429433,11.28,-0.96,10-Mar-2025,10-Feb-2026,https://nsearchives.nseindia.com/today/ICICIGIEQN.svg,https://nsearchives.nseindia.com/30d/ICICIGI-EQ.svg,https://nsearchives.nseindia.com/365d/ICICIGI-EQ.svg,EQ,"{'symbol': 'ICICIGI', 'companyName': 'ICICI Lombard General Insurance Company Limited', 'industry': 'General Insurance', 'activeSeries': ['EQ'], 'debtSeries': [], 'isFNOSec': True, 'isCASec': False, 'isSLBSec': True, 'isDebtSec': False, 'isSuspended': False, 'tempSuspendedSeries': [], 'isETFSec': False, 'isDelisted': False, 'isin': 'INE765G01017', 'slb_isin': 'INE765G01017', 'listingDate': '2017-09-27', 'isMunicipalBond': False, 'isHybridSymbol': False, 'segment': 'EQUITY', 'quotepreopenstatus': {'equityTime': '10-Mar-2026 10:13:52', 'preOpenTime': '10-Mar-2026 09:07:22', 'QuotePreOpenFlag': False}}"
